Date,Close/Last,Volume,Open,High,Low
01/05/2022,0.8,N/A,0.8,0.8,0.8
01/04/2022,0.8,N/A,0.8,0.8,0.8
01/03/2022,0.8,N/A,0.8,0.8,0.8
12/31/2021,0.8,N/A,0.8,0.8,0.8
12/30/2021,0.8,N/A,0.8,0.8,0.8
12/29/2021,0.8,N/A,0.8,0.8,0.8
12/28/2021,0.8,N/A,0.8,0.8,0.8
12/27/2021,0.8,N/A,0.8,0.8,0.8
12/24/2021,0.8,N/A,0.8,0.8,0.8
12/23/2021,0.8,N/A,0.8,0.8,0.8
12/22/2021,0.8,N/A,0.8,0.8,0.8
12/21/2021,0.8,N/A,0.8,0.8,0.8
12/20/2021,0.8,N/A,0.8,0.8,0.8
12/17/2021,0.8,N/A,0.8,0.8,0.8
12/16/2021,0.8,N/A,0.8,0.8,0.8
12/15/2021,0.8,N/A,0.8,0.8,0.8
12/14/2021,0.8,N/A,0.8,0.8,0.8
12/13/2021,0.8,N/A,0.8,0.8,0.8
12/10/2021,0.8,N/A,0.8,0.8,0.8
12/09/2021,0.9,N/A,0.9,0.9,0.9
12/08/2021,0.9,N/A,0.9,0.9,0.9
12/07/2021,0.9,N/A,0.9,0.9,0.9
12/06/2021,0.9,N/A,0.9,0.9,0.9
12/03/2021,0.9,N/A,0.9,0.9,0.9
12/02/2021,0.9,N/A,0.9,0.9,0.9
12/01/2021,0.9,N/A,0.9,0.9,0.9
11/30/2021,0.9,N/A,0.9,0.9,0.9
11/29/2021,0.9,N/A,0.9,0.9,0.9
11/26/2021,0.9,N/A,0.9,0.9,0.9
11/25/2021,0.9,N/A,0.9,0.9,0.9
11/24/2021,0.9,N/A,0.9,0.9,0.9
11/23/2021,0.9,N/A,0.9,0.9,0.9
11/22/2021,0.9,N/A,0.9,0.9,0.9
11/19/2021,0.9,N/A,0.9,0.9,0.9
11/18/2021,0.9,N/A,0.9,0.9,0.9
11/17/2021,0.9,N/A,0.9,0.9,0.9
11/16/2021,0.9,N/A,0.9,0.9,0.9
11/15/2021,0.9,N/A,0.9,0.9,0.9
11/12/2021,0.9,N/A,0.9,0.9,0.9
11/11/2021,0.9,N/A,0.9,0.9,0.9
11/10/2021,0.9,N/A,0.9,0.9,0.9
11/09/2021,0.4,N/A,0.4,0.4,0.4
11/08/2021,0.4,N/A,0.4,0.4,0.4
11/05/2021,0.4,N/A,0.4,0.4,0.4
11/04/2021,0.4,N/A,0.4,0.4,0.4
11/03/2021,0.4,N/A,0.4,0.4,0.4
11/02/2021,0.4,N/A,0.4,0.4,0.4
11/01/2021,0.4,N/A,0.4,0.4,0.4
10/29/2021,0.4,N/A,0.4,0.4,0.4
10/28/2021,0.4,N/A,0.4,0.4,0.4
10/27/2021,0.4,N/A,0.4,0.4,0.4
10/26/2021,0.4,N/A,0.4,0.4,0.4
10/25/2021,0.4,N/A,0.4,0.4,0.4
10/22/2021,0.4,N/A,0.4,0.4,0.4
10/21/2021,0.4,N/A,0.4,0.4,0.4
10/20/2021,0.4,N/A,0.4,0.4,0.4
10/19/2021,0.4,N/A,0.4,0.4,0.4
10/18/2021,0.4,N/A,0.4,0.4,0.4
10/15/2021,0.4,N/A,0.4,0.4,0.4
10/14/2021,0.4,N/A,0.4,0.4,0.4
10/13/2021,0.4,N/A,0.4,0.4,0.4
10/12/2021,0.3,N/A,0.3,0.3,0.3
10/11/2021,0.3,N/A,0.3,0.3,0.3
10/08/2021,0.3,N/A,0.3,0.3,0.3
10/07/2021,0.3,N/A,0.3,0.3,0.3
10/06/2021,0.3,N/A,0.3,0.3,0.3
10/05/2021,0.3,N/A,0.3,0.3,0.3
10/04/2021,0.3,N/A,0.3,0.3,0.3
10/01/2021,0.3,N/A,0.3,0.3,0.3
09/30/2021,0.3,N/A,0.3,0.3,0.3
09/29/2021,0.3,N/A,0.3,0.3,0.3
09/28/2021,0.3,N/A,0.3,0.3,0.3
09/27/2021,0.3,N/A,0.3,0.3,0.3
09/24/2021,0.3,N/A,0.3,0.3,0.3
09/23/2021,0.3,N/A,0.3,0.3,0.3
09/22/2021,0.3,N/A,0.3,0.3,0.3
09/21/2021,0.3,N/A,0.3,0.3,0.3
09/20/2021,0.3,N/A,0.3,0.3,0.3
09/17/2021,0.3,N/A,0.3,0.3,0.3
09/16/2021,0.3,N/A,0.3,0.3,0.3
09/15/2021,0.3,N/A,0.3,0.3,0.3
09/14/2021,0.3,N/A,0.3,0.3,0.3
09/13/2021,0.5,N/A,0.5,0.5,0.5
09/10/2021,0.5,N/A,0.5,0.5,0.5
09/09/2021,0.5,N/A,0.5,0.5,0.5
09/08/2021,0.5,N/A,0.5,0.5,0.5
09/07/2021,0.5,N/A,0.5,0.5,0.5
09/06/2021,0.5,N/A,0.5,0.5,0.5
09/03/2021,0.5,N/A,0.5,0.5,0.5
09/02/2021,0.5,N/A,0.5,0.5,0.5
09/01/2021,0.5,N/A,0.5,0.5,0.5
08/31/2021,0.5,N/A,0.5,0.5,0.5
08/30/2021,0.5,N/A,0.5,0.5,0.5
08/27/2021,0.5,N/A,0.5,0.5,0.5
08/26/2021,0.5,N/A,0.5,0.5,0.5
08/25/2021,0.5,N/A,0.5,0.5,0.5
08/24/2021,0.5,N/A,0.5,0.5,0.5
08/23/2021,0.5,N/A,0.5,0.5,0.5
08/20/2021,0.5,N/A,0.5,0.5,0.5
08/19/2021,0.5,N/A,0.5,0.5,0.5
08/18/2021,0.5,N/A,0.5,0.5,0.5
08/17/2021,0.5,N/A,0.5,0.5,0.5
08/16/2021,0.5,N/A,0.5,0.5,0.5
08/13/2021,0.5,N/A,0.5,0.5,0.5
08/12/2021,0.5,N/A,0.5,0.5,0.5
08/11/2021,0.5,N/A,0.5,0.5,0.5
08/10/2021,0.9,N/A,0.9,0.9,0.9
08/09/2021,0.9,N/A,0.9,0.9,0.9
08/06/2021,0.9,N/A,0.9,0.9,0.9
08/05/2021,0.9,N/A,0.9,0.9,0.9
08/04/2021,0.9,N/A,0.9,0.9,0.9
08/03/2021,0.9,N/A,0.9,0.9,0.9
08/02/2021,0.9,N/A,0.9,0.9,0.9
07/30/2021,0.9,N/A,0.9,0.9,0.9
07/29/2021,0.9,N/A,0.9,0.9,0.9
07/28/2021,0.9,N/A,0.9,0.9,0.9
07/27/2021,0.9,N/A,0.9,0.9,0.9
07/26/2021,0.9,N/A,0.9,0.9,0.9
07/23/2021,0.9,N/A,0.9,0.9,0.9
07/22/2021,0.9,N/A,0.9,0.9,0.9
07/21/2021,0.9,N/A,0.9,0.9,0.9
07/20/2021,0.9,N/A,0.9,0.9,0.9
07/19/2021,0.9,N/A,0.9,0.9,0.9
07/16/2021,0.9,N/A,0.9,0.9,0.9
07/15/2021,0.9,N/A,0.9,0.9,0.9
07/14/2021,0.9,N/A,0.9,0.9,0.9
07/13/2021,0.9,N/A,0.9,0.9,0.9
07/12/2021,0.6,N/A,0.6,0.6,0.6
07/09/2021,0.6,N/A,0.6,0.6,0.6
07/08/2021,0.6,N/A,0.6,0.6,0.6
07/07/2021,0.6,N/A,0.6,0.6,0.6
07/06/2021,0.6,N/A,0.6,0.6,0.6
07/05/2021,0.6,N/A,0.6,0.6,0.6
07/02/2021,0.6,N/A,0.6,0.6,0.6
07/01/2021,0.6,N/A,0.6,0.6,0.6
06/30/2021,0.6,N/A,0.6,0.6,0.6
06/29/2021,0.6,N/A,0.6,0.6,0.6
06/28/2021,0.6,N/A,0.6,0.6,0.6
06/25/2021,0.6,N/A,0.6,0.6,0.6
06/24/2021,0.6,N/A,0.6,0.6,0.6
06/23/2021,0.6,N/A,0.6,0.6,0.6
06/22/2021,0.6,N/A,0.6,0.6,0.6
06/21/2021,0.6,N/A,0.6,0.6,0.6
06/18/2021,0.6,N/A,0.6,0.6,0.6
06/17/2021,0.6,N/A,0.6,0.6,0.6
06/16/2021,0.6,N/A,0.6,0.6,0.6
06/15/2021,0.6,N/A,0.6,0.6,0.6
06/14/2021,0.6,N/A,0.6,0.6,0.6
06/11/2021,0.6,N/A,0.6,0.6,0.6
06/10/2021,0.6,N/A,0.6,0.6,0.6
06/09/2021,0.8,N/A,0.8,0.8,0.8
06/08/2021,0.8,N/A,0.8,0.8,0.8
06/07/2021,0.8,N/A,0.8,0.8,0.8
06/04/2021,0.8,N/A,0.8,0.8,0.8
06/03/2021,0.8,N/A,0.8,0.8,0.8
06/02/2021,0.8,N/A,0.8,0.8,0.8
06/01/2021,0.8,N/A,0.8,0.8,0.8
05/31/2021,0.8,N/A,0.8,0.8,0.8
05/28/2021,0.8,N/A,0.8,0.8,0.8
05/27/2021,0.8,N/A,0.8,0.8,0.8
05/26/2021,0.8,N/A,0.8,0.8,0.8
05/25/2021,0.8,N/A,0.8,0.8,0.8
05/24/2021,0.8,N/A,0.8,0.8,0.8
05/21/2021,0.8,N/A,0.8,0.8,0.8
05/20/2021,0.8,N/A,0.8,0.8,0.8
05/19/2021,0.8,N/A,0.8,0.8,0.8
05/18/2021,0.8,N/A,0.8,0.8,0.8
05/17/2021,0.8,N/A,0.8,0.8,0.8
05/14/2021,0.8,N/A,0.8,0.8,0.8
05/13/2021,0.8,N/A,0.8,0.8,0.8
05/12/2021,0.8,N/A,0.8,0.8,0.8
05/11/2021,0.6,N/A,0.6,0.6,0.6
05/10/2021,0.6,N/A,0.6,0.6,0.6
05/07/2021,0.6,N/A,0.6,0.6,0.6
05/06/2021,0.6,N/A,0.6,0.6,0.6
05/05/2021,0.6,N/A,0.6,0.6,0.6
05/04/2021,0.6,N/A,0.6,0.6,0.6
05/03/2021,0.6,N/A,0.6,0.6,0.6
04/30/2021,0.6,N/A,0.6,0.6,0.6
04/29/2021,0.6,N/A,0.6,0.6,0.6
04/28/2021,0.6,N/A,0.6,0.6,0.6
04/27/2021,0.6,N/A,0.6,0.6,0.6
04/26/2021,0.6,N/A,0.6,0.6,0.6
04/23/2021,0.6,N/A,0.6,0.6,0.6
04/22/2021,0.6,N/A,0.6,0.6,0.6
04/21/2021,0.6,N/A,0.6,0.6,0.6
04/20/2021,0.6,N/A,0.6,0.6,0.6
04/19/2021,0.6,N/A,0.6,0.6,0.6
04/16/2021,0.6,N/A,0.6,0.6,0.6
04/15/2021,0.6,N/A,0.6,0.6,0.6
04/14/2021,0.6,N/A,0.6,0.6,0.6
04/13/2021,0.6,N/A,0.6,0.6,0.6
04/12/2021,0.4,N/A,0.4,0.4,0.4
04/09/2021,0.4,N/A,0.4,0.4,0.4
04/08/2021,0.4,N/A,0.4,0.4,0.4
04/07/2021,0.4,N/A,0.4,0.4,0.4
04/06/2021,0.4,N/A,0.4,0.4,0.4
04/05/2021,0.4,N/A,0.4,0.4,0.4
04/02/2021,0.4,N/A,0.4,0.4,0.4
04/01/2021,0.4,N/A,0.4,0.4,0.4
03/31/2021,0.4,N/A,0.4,0.4,0.4
03/30/2021,0.4,N/A,0.4,0.4,0.4
03/29/2021,0.4,N/A,0.4,0.4,0.4
03/26/2021,0.4,N/A,0.4,0.4,0.4
03/25/2021,0.4,N/A,0.4,0.4,0.4
03/24/2021,0.4,N/A,0.4,0.4,0.4
03/23/2021,0.4,N/A,0.4,0.4,0.4
03/22/2021,0.4,N/A,0.4,0.4,0.4
03/19/2021,0.4,N/A,0.4,0.4,0.4
03/18/2021,0.4,N/A,0.4,0.4,0.4
03/17/2021,0.4,N/A,0.4,0.4,0.4
03/16/2021,0.4,N/A,0.4,0.4,0.4
03/15/2021,0.4,N/A,0.4,0.4,0.4
03/12/2021,0.4,N/A,0.4,0.4,0.4
03/11/2021,0.4,N/A,0.4,0.4,0.4
03/10/2021,0.4,N/A,0.4,0.4,0.4
03/09/2021,0.3,N/A,0.3,0.3,0.3
03/08/2021,0.3,N/A,0.3,0.3,0.3
03/05/2021,0.3,N/A,0.3,0.3,0.3
03/04/2021,0.3,N/A,0.3,0.3,0.3
03/03/2021,0.3,N/A,0.3,0.3,0.3
03/02/2021,0.3,N/A,0.3,0.3,0.3
03/01/2021,0.3,N/A,0.3,0.3,0.3
02/26/2021,0.3,N/A,0.3,0.3,0.3
02/25/2021,0.3,N/A,0.3,0.3,0.3
02/24/2021,0.3,N/A,0.3,0.3,0.3
02/23/2021,0.3,N/A,0.3,0.3,0.3
02/22/2021,0.3,N/A,0.3,0.3,0.3
02/19/2021,0.3,N/A,0.3,0.3,0.3
02/18/2021,0.3,N/A,0.3,0.3,0.3
02/17/2021,0.3,N/A,0.3,0.3,0.3
02/16/2021,0.3,N/A,0.3,0.3,0.3
02/15/2021,0.3,N/A,0.3,0.3,0.3
02/12/2021,0.3,N/A,0.3,0.3,0.3
02/11/2021,0.3,N/A,0.3,0.3,0.3
02/10/2021,0.3,N/A,0.3,0.3,0.3
02/09/2021,0.2,N/A,0.2,0.2,0.2
02/08/2021,0.2,N/A,0.2,0.2,0.2
02/05/2021,0.4,N/A,0.4,0.4,0.4
02/04/2021,0.4,N/A,0.4,0.4,0.4
02/03/2021,0.4,N/A,0.4,0.4,0.4
02/02/2021,0.4,N/A,0.4,0.4,0.4
02/01/2021,0.4,N/A,0.4,0.4,0.4
01/29/2021,0.4,N/A,0.4,0.4,0.4
01/28/2021,0.4,N/A,0.4,0.4,0.4
01/27/2021,0.4,N/A,0.4,0.4,0.4
01/26/2021,0.4,N/A,0.4,0.4,0.4
01/25/2021,0.4,N/A,0.4,0.4,0.4
01/22/2021,0.4,N/A,0.4,0.4,0.4
01/21/2021,0.4,N/A,0.4,0.4,0.4
01/20/2021,0.4,N/A,0.4,0.4,0.4
01/19/2021,0.4,N/A,0.4,0.4,0.4
01/18/2021,0.4,N/A,0.4,0.4,0.4
01/15/2021,0.4,N/A,0.4,0.4,0.4
01/14/2021,0.4,N/A,0.4,0.4,0.4
01/13/2021,0.4,N/A,0.4,0.4,0.4
01/12/2021,0.2,N/A,0.2,0.2,0.2
01/11/2021,0.2,N/A,0.2,0.2,0.2
01/08/2021,0.2,N/A,0.2,0.2,0.2
01/07/2021,0.2,N/A,0.2,0.2,0.2
01/06/2021,0.2,N/A,0.2,0.2,0.2
01/05/2021,0.2,N/A,0.2,0.2,0.2
01/04/2021,0.2,N/A,0.2,0.2,0.2
01/01/2021,0.2,N/A,0.2,0.2,0.2
12/31/2020,0.2,N/A,0.2,0.2,0.2
12/30/2020,0.2,N/A,0.2,0.2,0.2
12/29/2020,0.2,N/A,0.2,0.2,0.2
12/28/2020,0.2,N/A,0.2,0.2,0.2
12/25/2020,0.2,N/A,0.2,0.2,0.2
12/24/2020,0.2,N/A,0.2,0.2,0.2
12/23/2020,0.2,N/A,0.2,0.2,0.2
12/22/2020,0.2,N/A,0.2,0.2,0.2
12/21/2020,0.2,N/A,0.2,0.2,0.2
12/18/2020,0.2,N/A,0.2,0.2,0.2
12/17/2020,0.2,N/A,0.2,0.2,0.2
12/16/2020,0.2,N/A,0.2,0.2,0.2
12/15/2020,0.2,N/A,0.2,0.2,0.2
12/14/2020,0.2,N/A,0.2,0.2,0.2
12/11/2020,0.2,N/A,0.2,0.2,0.2
12/10/2020,0.2,N/A,0.2,0.2,0.2
12/09/2020,0.2,N/A,0.2,0.2,0.2
12/08/2020,0.2,N/A,0.2,0.2,0.2
12/07/2020,0.2,N/A,0.2,0.2,0.2
12/04/2020,0.2,N/A,0.2,0.2,0.2
12/03/2020,0.2,N/A,0.2,0.2,0.2
12/02/2020,0.2,N/A,0.2,0.2,0.2
12/01/2020,0.2,N/A,0.2,0.2,0.2
11/30/2020,0.2,N/A,0.2,0.2,0.2
11/27/2020,0.2,N/A,0.2,0.2,0.2
11/26/2020,0.2,N/A,0.2,0.2,0.2
11/25/2020,0.2,N/A,0.2,0.2,0.2
11/24/2020,0.2,N/A,0.2,0.2,0.2
11/23/2020,0.2,N/A,0.2,0.2,0.2
11/20/2020,0.2,N/A,0.2,0.2,0.2
11/19/2020,0.2,N/A,0.2,0.2,0.2
11/18/2020,0.2,N/A,0.2,0.2,0.2
11/17/2020,0.2,N/A,0.2,0.2,0.2
11/16/2020,0.2,N/A,0.2,0.2,0.2
11/13/2020,0.2,N/A,0.2,0.2,0.2
11/12/2020,0.2,N/A,0.2,0.2,0.2
11/11/2020,0.2,N/A,0.2,0.2,0.2
11/10/2020,0.2,N/A,0.2,0.2,0.2
11/09/2020,0.2,N/A,0.2,0.2,0.2
11/06/2020,0.2,N/A,0.2,0.2,0.2
11/05/2020,0.2,N/A,0.2,0.2,0.2
11/04/2020,0.2,N/A,0.2,0.2,0.2
11/03/2020,0.2,N/A,0.2,0.2,0.2
11/02/2020,0.2,N/A,0.2,0.2,0.2
10/30/2020,0.2,N/A,0.2,0.2,0.2
10/29/2020,0.2,N/A,0.2,0.2,0.2
10/28/2020,0.2,N/A,0.2,0.2,0.2
10/27/2020,0.2,N/A,0.2,0.2,0.2
10/26/2020,0.2,N/A,0.2,0.2,0.2
10/23/2020,0.2,N/A,0.2,0.2,0.2
10/22/2020,0.2,N/A,0.2,0.2,0.2
10/21/2020,0.2,N/A,0.2,0.2,0.2
10/20/2020,0.2,N/A,0.2,0.2,0.2
10/19/2020,0.2,N/A,0.2,0.2,0.2
10/16/2020,0.2,N/A,0.2,0.2,0.2
10/15/2020,0.2,N/A,0.2,0.2,0.2
10/14/2020,0.2,N/A,0.2,0.2,0.2
10/13/2020,0.2,N/A,0.2,0.2,0.2
10/12/2020,0.4,N/A,0.4,0.4,0.4
10/09/2020,0.4,N/A,0.4,0.4,0.4
10/08/2020,0.4,N/A,0.4,0.4,0.4
10/07/2020,0.4,N/A,0.4,0.4,0.4
10/06/2020,0.4,N/A,0.4,0.4,0.4
10/05/2020,0.4,N/A,0.4,0.4,0.4
10/02/2020,0.4,N/A,0.4,0.4,0.4
10/01/2020,0.4,N/A,0.4,0.4,0.4
09/30/2020,0.4,N/A,0.4,0.4,0.4
09/29/2020,0.4,N/A,0.4,0.4,0.4
09/28/2020,0.4,N/A,0.4,0.4,0.4
09/25/2020,0.4,N/A,0.4,0.4,0.4
09/24/2020,0.4,N/A,0.4,0.4,0.4
09/23/2020,0.4,N/A,0.4,0.4,0.4
09/22/2020,0.4,N/A,0.4,0.4,0.4
09/21/2020,0.4,N/A,0.4,0.4,0.4
09/18/2020,0.4,N/A,0.4,0.4,0.4
09/17/2020,0.4,N/A,0.4,0.4,0.4
09/16/2020,0.4,N/A,0.4,0.4,0.4
09/15/2020,0.4,N/A,0.4,0.4,0.4
09/14/2020,0.4,N/A,0.4,0.4,0.4
09/11/2020,0.4,N/A,0.4,0.4,0.4
09/10/2020,0.6,N/A,0.6,0.6,0.6
09/09/2020,0.6,N/A,0.6,0.6,0.6
09/08/2020,0.6,N/A,0.6,0.6,0.6
09/07/2020,0.6,N/A,0.6,0.6,0.6
09/04/2020,0.6,N/A,0.6,0.6,0.6
09/03/2020,0.6,N/A,0.6,0.6,0.6
09/02/2020,0.6,N/A,0.6,0.6,0.6
09/01/2020,0.6,N/A,0.6,0.6,0.6
08/31/2020,0.6,N/A,0.6,0.6,0.6
08/28/2020,0.6,N/A,0.6,0.6,0.6
08/27/2020,0.6,N/A,0.6,0.6,0.6
08/26/2020,0.6,N/A,0.6,0.6,0.6
08/25/2020,0.6,N/A,0.6,0.6,0.6
08/24/2020,0.6,N/A,0.6,0.6,0.6
08/21/2020,0.6,N/A,0.6,0.6,0.6
08/20/2020,0.6,N/A,0.6,0.6,0.6
08/19/2020,0.6,N/A,0.6,0.6,0.6
08/18/2020,0.6,N/A,0.6,0.6,0.6
08/17/2020,0.6,N/A,0.6,0.6,0.6
08/14/2020,0.6,N/A,0.6,0.6,0.6
08/13/2020,0.6,N/A,0.6,0.6,0.6
08/12/2020,0.6,N/A,0.6,0.6,0.6
08/11/2020,0.6,N/A,0.6,0.6,0.6
08/10/2020,0.6,N/A,0.6,0.6,0.6
08/07/2020,0.6,N/A,0.6,0.6,0.6
08/06/2020,0.6,N/A,0.6,0.6,0.6
08/05/2020,0.6,N/A,0.6,0.6,0.6
08/04/2020,0.6,N/A,0.6,0.6,0.6
08/03/2020,0.6,N/A,0.6,0.6,0.6
07/31/2020,0.6,N/A,0.6,0.6,0.6
07/30/2020,0.6,N/A,0.6,0.6,0.6
07/29/2020,0.6,N/A,0.6,0.6,0.6
07/28/2020,0.6,N/A,0.6,0.6,0.6
07/27/2020,0.6,N/A,0.6,0.6,0.6
07/24/2020,0.6,N/A,0.6,0.6,0.6
07/23/2020,0.6,N/A,0.6,0.6,0.6
07/22/2020,0.6,N/A,0.6,0.6,0.6
07/21/2020,0.6,N/A,0.6,0.6,0.6
07/20/2020,0.6,N/A,0.6,0.6,0.6
07/17/2020,0.6,N/A,0.6,0.6,0.6
07/16/2020,0.6,N/A,0.6,0.6,0.6
07/15/2020,0.6,N/A,0.6,0.6,0.6
07/14/2020,0.6,N/A,0.6,0.6,0.6
07/13/2020,-0.1,N/A,-0.1,-0.1,-0.1
07/10/2020,-0.1,N/A,-0.1,-0.1,-0.1
07/09/2020,-0.1,N/A,-0.1,-0.1,-0.1
07/08/2020,-0.1,N/A,-0.1,-0.1,-0.1
07/07/2020,-0.1,N/A,-0.1,-0.1,-0.1
07/06/2020,-0.1,N/A,-0.1,-0.1,-0.1
07/03/2020,-0.1,N/A,-0.1,-0.1,-0.1
07/02/2020,-0.1,N/A,-0.1,-0.1,-0.1
07/01/2020,-0.1,N/A,-0.1,-0.1,-0.1
06/30/2020,-0.1,N/A,-0.1,-0.1,-0.1
06/29/2020,-0.1,N/A,-0.1,-0.1,-0.1
06/26/2020,-0.1,N/A,-0.1,-0.1,-0.1
06/25/2020,-0.1,N/A,-0.1,-0.1,-0.1
06/24/2020,-0.1,N/A,-0.1,-0.1,-0.1
06/23/2020,-0.1,N/A,-0.1,-0.1,-0.1
06/22/2020,-0.1,N/A,-0.1,-0.1,-0.1
06/19/2020,-0.1,N/A,-0.1,-0.1,-0.1
06/18/2020,-0.1,N/A,-0.1,-0.1,-0.1
06/17/2020,-0.1,N/A,-0.1,-0.1,-0.1
06/16/2020,-0.1,N/A,-0.1,-0.1,-0.1
06/15/2020,-0.1,N/A,-0.1,-0.1,-0.1
06/12/2020,-0.1,N/A,-0.1,-0.1,-0.1
06/11/2020,-0.1,N/A,-0.1,-0.1,-0.1
06/10/2020,-0.1,N/A,-0.1,-0.1,-0.1
06/09/2020,-0.8,N/A,-0.8,-0.8,-0.8
06/08/2020,-0.8,N/A,-0.8,-0.8,-0.8
06/05/2020,-0.8,N/A,-0.8,-0.8,-0.8
06/04/2020,-0.8,N/A,-0.8,-0.8,-0.8
06/03/2020,-0.8,N/A,-0.8,-0.8,-0.8
06/02/2020,-0.8,N/A,-0.8,-0.8,-0.8
06/01/2020,-0.8,N/A,-0.8,-0.8,-0.8
05/29/2020,-0.8,N/A,-0.8,-0.8,-0.8
05/28/2020,-0.8,N/A,-0.8,-0.8,-0.8
05/27/2020,-0.8,N/A,-0.8,-0.8,-0.8
05/26/2020,-0.8,N/A,-0.8,-0.8,-0.8
05/25/2020,-0.8,N/A,-0.8,-0.8,-0.8
05/22/2020,-0.8,N/A,-0.8,-0.8,-0.8
05/21/2020,-0.8,N/A,-0.8,-0.8,-0.8
05/20/2020,-0.8,N/A,-0.8,-0.8,-0.8
05/19/2020,-0.8,N/A,-0.8,-0.8,-0.8
05/18/2020,-0.8,N/A,-0.8,-0.8,-0.8
05/15/2020,-0.8,N/A,-0.8,-0.8,-0.8
05/14/2020,-0.8,N/A,-0.8,-0.8,-0.8
05/13/2020,-0.8,N/A,-0.8,-0.8,-0.8
05/12/2020,-0.8,N/A,-0.8,-0.8,-0.8
05/11/2020,-0.4,N/A,-0.4,-0.4,-0.4
05/08/2020,-0.4,N/A,-0.4,-0.4,-0.4
05/07/2020,-0.4,N/A,-0.4,-0.4,-0.4
05/06/2020,-0.4,N/A,-0.4,-0.4,-0.4
05/05/2020,-0.4,N/A,-0.4,-0.4,-0.4
05/04/2020,-0.4,N/A,-0.4,-0.4,-0.4
05/01/2020,-0.4,N/A,-0.4,-0.4,-0.4
04/30/2020,-0.4,N/A,-0.4,-0.4,-0.4
04/29/2020,-0.4,N/A,-0.4,-0.4,-0.4
04/28/2020,-0.4,N/A,-0.4,-0.4,-0.4
04/27/2020,-0.4,N/A,-0.4,-0.4,-0.4
04/24/2020,-0.4,N/A,-0.4,-0.4,-0.4
04/23/2020,-0.4,N/A,-0.4,-0.4,-0.4
04/22/2020,-0.4,N/A,-0.4,-0.4,-0.4
04/21/2020,-0.4,N/A,-0.4,-0.4,-0.4
04/20/2020,-0.4,N/A,-0.4,-0.4,-0.4
04/17/2020,-0.4,N/A,-0.4,-0.4,-0.4
04/16/2020,-0.4,N/A,-0.4,-0.4,-0.4
04/15/2020,-0.4,N/A,-0.4,-0.4,-0.4
04/14/2020,-0.4,N/A,-0.4,-0.4,-0.4
04/13/2020,-0.4,N/A,-0.4,-0.4,-0.4
04/10/2020,-0.4,N/A,-0.4,-0.4,-0.4
04/09/2020,0.1,N/A,0.1,0.1,0.1
04/08/2020,0.1,N/A,0.1,0.1,0.1
04/07/2020,0.1,N/A,0.1,0.1,0.1
04/06/2020,0.1,N/A,0.1,0.1,0.1
04/03/2020,0.1,N/A,0.1,0.1,0.1
04/02/2020,0.1,N/A,0.1,0.1,0.1
04/01/2020,0.1,N/A,0.1,0.1,0.1
03/31/2020,0.1,N/A,0.1,0.1,0.1
03/30/2020,0.1,N/A,0.1,0.1,0.1
03/27/2020,0.1,N/A,0.1,0.1,0.1
03/26/2020,0.1,N/A,0.1,0.1,0.1
03/25/2020,0.1,N/A,0.1,0.1,0.1
03/24/2020,0.1,N/A,0.1,0.1,0.1
03/23/2020,0.1,N/A,0.1,0.1,0.1
03/20/2020,0.1,N/A,0.1,0.1,0.1
03/19/2020,0.1,N/A,0.1,0.1,0.1
03/18/2020,0.1,N/A,0.1,0.1,0.1
03/17/2020,0.1,N/A,0.1,0.1,0.1
03/16/2020,0.1,N/A,0.1,0.1,0.1
03/13/2020,0.1,N/A,0.1,0.1,0.1
03/12/2020,0.1,N/A,0.1,0.1,0.1
03/11/2020,0.1,N/A,0.1,0.1,0.1
03/10/2020,0.1,N/A,0.1,0.1,0.1
03/09/2020,0.1,N/A,0.1,0.1,0.1
03/06/2020,0.1,N/A,0.1,0.1,0.1
03/05/2020,0.1,N/A,0.1,0.1,0.1
03/04/2020,0.1,N/A,0.1,0.1,0.1
03/03/2020,0.1,N/A,0.1,0.1,0.1
03/02/2020,0.1,N/A,0.1,0.1,0.1
02/28/2020,0.1,N/A,0.1,0.1,0.1
02/27/2020,0.1,N/A,0.1,0.1,0.1
02/26/2020,0.1,N/A,0.1,0.1,0.1
02/25/2020,0.1,N/A,0.1,0.1,0.1
02/24/2020,0.1,N/A,0.1,0.1,0.1
02/21/2020,0.1,N/A,0.1,0.1,0.1
02/20/2020,0.1,N/A,0.1,0.1,0.1
02/19/2020,0.1,N/A,0.1,0.1,0.1
02/18/2020,0.1,N/A,0.1,0.1,0.1
02/17/2020,0.1,N/A,0.1,0.1,0.1
02/14/2020,0.1,N/A,0.1,0.1,0.1
02/13/2020,0.1,N/A,0.1,0.1,0.1
02/12/2020,0.2,N/A,0.2,0.2,0.2
02/11/2020,0.2,N/A,0.2,0.2,0.2
02/10/2020,0.2,N/A,0.2,0.2,0.2
02/07/2020,0.2,N/A,0.2,0.2,0.2
02/06/2020,0.2,N/A,0.2,0.2,0.2
02/05/2020,0.2,N/A,0.2,0.2,0.2
02/04/2020,0.2,N/A,0.2,0.2,0.2
02/03/2020,0.2,N/A,0.2,0.2,0.2
01/31/2020,0.2,N/A,0.2,0.2,0.2
01/30/2020,0.2,N/A,0.2,0.2,0.2
01/29/2020,0.2,N/A,0.2,0.2,0.2
01/28/2020,0.2,N/A,0.2,0.2,0.2
01/27/2020,0.2,N/A,0.2,0.2,0.2
01/24/2020,0.2,N/A,0.2,0.2,0.2
01/23/2020,0.2,N/A,0.2,0.2,0.2
01/22/2020,0.2,N/A,0.2,0.2,0.2
01/21/2020,0.2,N/A,0.2,0.2,0.2
01/20/2020,0.2,N/A,0.2,0.2,0.2
01/17/2020,0.2,N/A,0.2,0.2,0.2
01/16/2020,0.2,N/A,0.2,0.2,0.2
01/15/2020,0.2,N/A,0.2,0.2,0.2
01/14/2020,0.2,N/A,0.2,0.2,0.2
01/13/2020,0.3,N/A,0.3,0.3,0.3
01/10/2020,0.3,N/A,0.3,0.3,0.3
01/09/2020,0.3,N/A,0.3,0.3,0.3
01/08/2020,0.3,N/A,0.3,0.3,0.3
01/07/2020,0.3,N/A,0.3,0.3,0.3
01/06/2020,0.3,N/A,0.3,0.3,0.3
01/03/2020,0.3,N/A,0.3,0.3,0.3
01/02/2020,0.3,N/A,0.3,0.3,0.3
01/01/2020,0.3,N/A,0.3,0.3,0.3
12/31/2019,0.3,N/A,0.3,0.3,0.3
12/30/2019,0.3,N/A,0.3,0.3,0.3
12/27/2019,0.3,N/A,0.3,0.3,0.3
12/26/2019,0.3,N/A,0.3,0.3,0.3
12/25/2019,0.3,N/A,0.3,0.3,0.3
12/24/2019,0.3,N/A,0.3,0.3,0.3
12/23/2019,0.3,N/A,0.3,0.3,0.3
12/20/2019,0.3,N/A,0.3,0.3,0.3
12/19/2019,0.3,N/A,0.3,0.3,0.3
12/18/2019,0.3,N/A,0.3,0.3,0.3
12/17/2019,0.3,N/A,0.3,0.3,0.3
12/16/2019,0.3,N/A,0.3,0.3,0.3
12/13/2019,0.3,N/A,0.3,0.3,0.3
12/12/2019,0.3,N/A,0.3,0.3,0.3
12/11/2019,0.3,N/A,0.3,0.3,0.3
12/10/2019,0.4,N/A,0.4,0.4,0.4
12/09/2019,0.4,N/A,0.4,0.4,0.4
12/06/2019,0.4,N/A,0.4,0.4,0.4
12/05/2019,0.4,N/A,0.4,0.4,0.4
12/04/2019,0.4,N/A,0.4,0.4,0.4
12/03/2019,0.4,N/A,0.4,0.4,0.4
12/02/2019,0.4,N/A,0.4,0.4,0.4
11/29/2019,0.4,N/A,0.4,0.4,0.4
11/28/2019,0.4,N/A,0.4,0.4,0.4
11/27/2019,0.4,N/A,0.4,0.4,0.4
11/26/2019,0.4,N/A,0.4,0.4,0.4
11/25/2019,0.4,N/A,0.4,0.4,0.4
11/22/2019,0.4,N/A,0.4,0.4,0.4
11/21/2019,0.4,N/A,0.4,0.4,0.4
11/20/2019,0.4,N/A,0.4,0.4,0.4
11/19/2019,0.4,N/A,0.4,0.4,0.4
11/18/2019,0.4,N/A,0.4,0.4,0.4
11/15/2019,0.4,N/A,0.4,0.4,0.4
11/14/2019,0.4,N/A,0.4,0.4,0.4
11/13/2019,0.4,N/A,0.4,0.4,0.4
11/12/2019,0.1,N/A,0.1,0.1,0.1
11/11/2019,0.1,N/A,0.1,0.1,0.1
11/08/2019,0.1,N/A,0.1,0.1,0.1
11/07/2019,0.1,N/A,0.1,0.1,0.1
11/06/2019,0.1,N/A,0.1,0.1,0.1
11/05/2019,0.1,N/A,0.1,0.1,0.1
11/04/2019,0.1,N/A,0.1,0.1,0.1
11/01/2019,0.1,N/A,0.1,0.1,0.1
10/31/2019,0.1,N/A,0.1,0.1,0.1
10/30/2019,0.1,N/A,0.1,0.1,0.1
10/29/2019,0.1,N/A,0.1,0.1,0.1
10/28/2019,0.1,N/A,0.1,0.1,0.1
10/25/2019,0.1,N/A,0.1,0.1,0.1
10/24/2019,0.1,N/A,0.1,0.1,0.1
10/23/2019,0.1,N/A,0.1,0.1,0.1
10/22/2019,0.1,N/A,0.1,0.1,0.1
10/21/2019,0.1,N/A,0.1,0.1,0.1
10/18/2019,0.1,N/A,0.1,0.1,0.1
10/17/2019,0.1,N/A,0.1,0.1,0.1
10/16/2019,0.1,N/A,0.1,0.1,0.1
10/15/2019,0.1,N/A,0.1,0.1,0.1
10/14/2019,0.1,N/A,0.1,0.1,0.1
10/11/2019,0.1,N/A,0.1,0.1,0.1
10/10/2019,0.1,N/A,0.1,0.1,0.1
10/09/2019,0.1,N/A,0.1,0.1,0.1
10/08/2019,0.1,N/A,0.1,0.1,0.1
10/07/2019,0.1,N/A,0.1,0.1,0.1
10/04/2019,0.1,N/A,0.1,0.1,0.1
10/03/2019,0.1,N/A,0.1,0.1,0.1
10/02/2019,0.1,N/A,0.1,0.1,0.1
10/01/2019,0.1,N/A,0.1,0.1,0.1
09/30/2019,0.1,N/A,0.1,0.1,0.1
09/27/2019,0.1,N/A,0.1,0.1,0.1
09/26/2019,0.1,N/A,0.1,0.1,0.1
09/25/2019,0.1,N/A,0.1,0.1,0.1
09/24/2019,0.1,N/A,0.1,0.1,0.1
09/23/2019,0.1,N/A,0.1,0.1,0.1
09/20/2019,0.1,N/A,0.1,0.1,0.1
09/19/2019,0.1,N/A,0.1,0.1,0.1
09/18/2019,0.1,N/A,0.1,0.1,0.1
09/17/2019,0.1,N/A,0.1,0.1,0.1
09/16/2019,0.1,N/A,0.1,0.1,0.1
09/13/2019,0.1,N/A,0.1,0.1,0.1
09/12/2019,0.1,N/A,0.1,0.1,0.1
09/11/2019,0.3,N/A,0.3,0.3,0.3
09/10/2019,0.3,N/A,0.3,0.3,0.3
09/09/2019,0.3,N/A,0.3,0.3,0.3
09/06/2019,0.3,N/A,0.3,0.3,0.3
09/05/2019,0.3,N/A,0.3,0.3,0.3
09/04/2019,0.3,N/A,0.3,0.3,0.3
09/03/2019,0.3,N/A,0.3,0.3,0.3
09/02/2019,0.3,N/A,0.3,0.3,0.3
08/30/2019,0.3,N/A,0.3,0.3,0.3
08/29/2019,0.3,N/A,0.3,0.3,0.3
08/28/2019,0.3,N/A,0.3,0.3,0.3
08/27/2019,0.3,N/A,0.3,0.3,0.3
08/26/2019,0.3,N/A,0.3,0.3,0.3
08/23/2019,0.3,N/A,0.3,0.3,0.3
08/22/2019,0.3,N/A,0.3,0.3,0.3
08/21/2019,0.3,N/A,0.3,0.3,0.3
08/20/2019,0.3,N/A,0.3,0.3,0.3
08/19/2019,0.3,N/A,0.3,0.3,0.3
08/16/2019,0.3,N/A,0.3,0.3,0.3
08/15/2019,0.3,N/A,0.3,0.3,0.3
08/14/2019,0.3,N/A,0.3,0.3,0.3
08/13/2019,0.3,N/A,0.3,0.3,0.3
08/12/2019,0.1,N/A,0.1,0.1,0.1
08/09/2019,0.1,N/A,0.1,0.1,0.1
08/08/2019,0.1,N/A,0.1,0.1,0.1
08/07/2019,0.1,N/A,0.1,0.1,0.1
08/06/2019,0.1,N/A,0.1,0.1,0.1
08/05/2019,0.1,N/A,0.1,0.1,0.1
08/02/2019,0.1,N/A,0.1,0.1,0.1
08/01/2019,0.1,N/A,0.1,0.1,0.1
07/31/2019,0.1,N/A,0.1,0.1,0.1
07/30/2019,0.1,N/A,0.1,0.1,0.1
07/29/2019,0.1,N/A,0.1,0.1,0.1
07/26/2019,0.1,N/A,0.1,0.1,0.1
07/25/2019,0.1,N/A,0.1,0.1,0.1
07/24/2019,0.1,N/A,0.1,0.1,0.1
07/23/2019,0.1,N/A,0.1,0.1,0.1
07/22/2019,0.1,N/A,0.1,0.1,0.1
07/19/2019,0.1,N/A,0.1,0.1,0.1
07/18/2019,0.1,N/A,0.1,0.1,0.1
07/17/2019,0.1,N/A,0.1,0.1,0.1
07/16/2019,0.1,N/A,0.1,0.1,0.1
07/15/2019,0.1,N/A,0.1,0.1,0.1
07/12/2019,0.1,N/A,0.1,0.1,0.1
07/11/2019,0.1,N/A,0.1,0.1,0.1
07/10/2019,0.1,N/A,0.1,0.1,0.1
07/09/2019,0.1,N/A,0.1,0.1,0.1
07/08/2019,0.1,N/A,0.1,0.1,0.1
07/05/2019,0.1,N/A,0.1,0.1,0.1
07/04/2019,0.1,N/A,0.1,0.1,0.1
07/03/2019,0.1,N/A,0.1,0.1,0.1
07/02/2019,0.1,N/A,0.1,0.1,0.1
07/01/2019,0.1,N/A,0.1,0.1,0.1
06/28/2019,0.1,N/A,0.1,0.1,0.1
06/27/2019,0.1,N/A,0.1,0.1,0.1
06/26/2019,0.1,N/A,0.1,0.1,0.1
06/25/2019,0.1,N/A,0.1,0.1,0.1
06/24/2019,0.1,N/A,0.1,0.1,0.1
06/21/2019,0.1,N/A,0.1,0.1,0.1
06/20/2019,0.1,N/A,0.1,0.1,0.1
06/19/2019,0.1,N/A,0.1,0.1,0.1
06/18/2019,0.1,N/A,0.1,0.1,0.1
06/17/2019,0.1,N/A,0.1,0.1,0.1
06/14/2019,0.1,N/A,0.1,0.1,0.1
06/13/2019,0.1,N/A,0.1,0.1,0.1
06/12/2019,0.1,N/A,0.1,0.1,0.1
06/11/2019,0.3,N/A,0.3,0.3,0.3
06/10/2019,0.3,N/A,0.3,0.3,0.3
06/07/2019,0.3,N/A,0.3,0.3,0.3
06/06/2019,0.3,N/A,0.3,0.3,0.3
06/05/2019,0.3,N/A,0.3,0.3,0.3
06/04/2019,0.3,N/A,0.3,0.3,0.3
06/03/2019,0.3,N/A,0.3,0.3,0.3
05/31/2019,0.3,N/A,0.3,0.3,0.3
05/30/2019,0.3,N/A,0.3,0.3,0.3
05/29/2019,0.3,N/A,0.3,0.3,0.3
05/28/2019,0.3,N/A,0.3,0.3,0.3
05/27/2019,0.3,N/A,0.3,0.3,0.3
05/24/2019,0.3,N/A,0.3,0.3,0.3
05/23/2019,0.3,N/A,0.3,0.3,0.3
05/22/2019,0.3,N/A,0.3,0.3,0.3
05/21/2019,0.3,N/A,0.3,0.3,0.3
05/20/2019,0.3,N/A,0.3,0.3,0.3
05/17/2019,0.3,N/A,0.3,0.3,0.3
05/16/2019,0.3,N/A,0.3,0.3,0.3
05/15/2019,0.3,N/A,0.3,0.3,0.3
05/14/2019,0.3,N/A,0.3,0.3,0.3
05/13/2019,0.3,N/A,0.3,0.3,0.3
05/10/2019,0.3,N/A,0.3,0.3,0.3
05/09/2019,0.4,N/A,0.4,0.4,0.4
05/08/2019,0.4,N/A,0.4,0.4,0.4
05/07/2019,0.4,N/A,0.4,0.4,0.4
05/06/2019,0.4,N/A,0.4,0.4,0.4
05/03/2019,0.4,N/A,0.4,0.4,0.4
05/02/2019,0.4,N/A,0.4,0.4,0.4
05/01/2019,0.4,N/A,0.4,0.4,0.4
04/30/2019,0.4,N/A,0.4,0.4,0.4
04/29/2019,0.4,N/A,0.4,0.4,0.4
04/26/2019,0.4,N/A,0.4,0.4,0.4
04/25/2019,0.4,N/A,0.4,0.4,0.4
04/24/2019,0.4,N/A,0.4,0.4,0.4
04/23/2019,0.4,N/A,0.4,0.4,0.4
04/22/2019,0.4,N/A,0.4,0.4,0.4
04/19/2019,0.4,N/A,0.4,0.4,0.4
04/18/2019,0.4,N/A,0.4,0.4,0.4
04/17/2019,0.4,N/A,0.4,0.4,0.4
04/16/2019,0.4,N/A,0.4,0.4,0.4
04/15/2019,0.4,N/A,0.4,0.4,0.4
04/12/2019,0.4,N/A,0.4,0.4,0.4
04/11/2019,0.4,N/A,0.4,0.4,0.4
04/10/2019,0.4,N/A,0.4,0.4,0.4
04/09/2019,0.2,N/A,0.2,0.2,0.2
04/08/2019,0.2,N/A,0.2,0.2,0.2
04/05/2019,0.2,N/A,0.2,0.2,0.2
04/04/2019,0.2,N/A,0.2,0.2,0.2
04/03/2019,0.2,N/A,0.2,0.2,0.2
04/02/2019,0.2,N/A,0.2,0.2,0.2
04/01/2019,0.2,N/A,0.2,0.2,0.2
03/29/2019,0.2,N/A,0.2,0.2,0.2
03/28/2019,0.2,N/A,0.2,0.2,0.2
03/27/2019,0.2,N/A,0.2,0.2,0.2
03/26/2019,0.2,N/A,0.2,0.2,0.2
03/25/2019,0.2,N/A,0.2,0.2,0.2
03/22/2019,0.2,N/A,0.2,0.2,0.2
03/21/2019,0.2,N/A,0.2,0.2,0.2
03/20/2019,0.2,N/A,0.2,0.2,0.2
03/19/2019,0.2,N/A,0.2,0.2,0.2
03/18/2019,0.2,N/A,0.2,0.2,0.2
03/15/2019,0.2,N/A,0.2,0.2,0.2
03/14/2019,0.2,N/A,0.2,0.2,0.2
03/13/2019,0.2,N/A,0.2,0.2,0.2
03/12/2019,0.2,N/A,0.2,0.2,0.2
03/11/2019,-0.1,N/A,-0.1,-0.1,-0.1
03/08/2019,-0.1,N/A,-0.1,-0.1,-0.1
03/07/2019,-0.1,N/A,-0.1,-0.1,-0.1
03/06/2019,-0.1,N/A,-0.1,-0.1,-0.1
03/05/2019,-0.1,N/A,-0.1,-0.1,-0.1
03/04/2019,-0.1,N/A,-0.1,-0.1,-0.1
03/01/2019,-0.1,N/A,-0.1,-0.1,-0.1
02/28/2019,-0.1,N/A,-0.1,-0.1,-0.1
02/27/2019,-0.1,N/A,-0.1,-0.1,-0.1
02/26/2019,-0.1,N/A,-0.1,-0.1,-0.1
02/25/2019,-0.1,N/A,-0.1,-0.1,-0.1
02/22/2019,-0.1,N/A,-0.1,-0.1,-0.1
02/21/2019,-0.1,N/A,-0.1,-0.1,-0.1
02/20/2019,-0.1,N/A,-0.1,-0.1,-0.1
02/19/2019,-0.1,N/A,-0.1,-0.1,-0.1
02/18/2019,-0.1,N/A,-0.1,-0.1,-0.1
02/15/2019,-0.1,N/A,-0.1,-0.1,-0.1
02/14/2019,-0.1,N/A,-0.1,-0.1,-0.1
02/13/2019,-0.1,N/A,-0.1,-0.1,-0.1
02/12/2019,-0.1,N/A,-0.1,-0.1,-0.1
02/11/2019,-0.1,N/A,-0.1,-0.1,-0.1
02/08/2019,-0.1,N/A,-0.1,-0.1,-0.1
02/07/2019,-0.1,N/A,-0.1,-0.1,-0.1
02/06/2019,-0.1,N/A,-0.1,-0.1,-0.1
02/05/2019,-0.1,N/A,-0.1,-0.1,-0.1
02/04/2019,-0.1,N/A,-0.1,-0.1,-0.1
02/01/2019,-0.1,N/A,-0.1,-0.1,-0.1
01/31/2019,-0.1,N/A,-0.1,-0.1,-0.1
01/30/2019,-0.1,N/A,-0.1,-0.1,-0.1
01/29/2019,-0.1,N/A,-0.1,-0.1,-0.1
01/28/2019,-0.1,N/A,-0.1,-0.1,-0.1
01/25/2019,-0.1,N/A,-0.1,-0.1,-0.1
01/24/2019,-0.1,N/A,-0.1,-0.1,-0.1
01/23/2019,-0.1,N/A,-0.1,-0.1,-0.1
01/22/2019,-0.1,N/A,-0.1,-0.1,-0.1
01/21/2019,-0.1,N/A,-0.1,-0.1,-0.1
01/18/2019,-0.1,N/A,-0.1,-0.1,-0.1
01/17/2019,-0.1,N/A,-0.1,-0.1,-0.1
01/16/2019,-0.1,N/A,-0.1,-0.1,-0.1
01/15/2019,-0.1,N/A,-0.1,-0.1,-0.1
01/14/2019,-0.1,N/A,-0.1,-0.1,-0.1
01/11/2019,-0.1,N/A,-0.1,-0.1,-0.1
01/10/2019,0.3,N/A,0.3,0.3,0.3
01/09/2019,0.3,N/A,0.3,0.3,0.3
01/08/2019,0.3,N/A,0.3,0.3,0.3
01/07/2019,0.3,N/A,0.3,0.3,0.3
01/04/2019,0.3,N/A,0.3,0.3,0.3
01/03/2019,0.3,N/A,0.3,0.3,0.3
01/02/2019,0.3,N/A,0.3,0.3,0.3
01/01/2019,0.3,N/A,0.3,0.3,0.3
12/31/2018,0.3,N/A,0.3,0.3,0.3
12/28/2018,0.3,N/A,0.3,0.3,0.3
12/27/2018,0.3,N/A,0.3,0.3,0.3
12/26/2018,0.3,N/A,0.3,0.3,0.3
12/25/2018,0.3,N/A,0.3,0.3,0.3
12/24/2018,0.3,N/A,0.3,0.3,0.3
12/21/2018,0.3,N/A,0.3,0.3,0.3
12/20/2018,0.3,N/A,0.3,0.3,0.3
12/19/2018,0.3,N/A,0.3,0.3,0.3
12/18/2018,0.3,N/A,0.3,0.3,0.3
12/17/2018,0.3,N/A,0.3,0.3,0.3
12/14/2018,0.3,N/A,0.3,0.3,0.3
12/13/2018,0.3,N/A,0.3,0.3,0.3
12/12/2018,0.3,N/A,0.3,0.3,0.3
12/11/2018,0.3,N/A,0.3,0.3,0.3
12/10/2018,0.3,N/A,0.3,0.3,0.3
12/07/2018,0.3,N/A,0.3,0.3,0.3
12/06/2018,0.3,N/A,0.3,0.3,0.3
12/04/2018,0.3,N/A,0.3,0.3,0.3
12/03/2018,0.3,N/A,0.3,0.3,0.3
11/30/2018,0.3,N/A,0.3,0.3,0.3
11/29/2018,0.3,N/A,0.3,0.3,0.3
11/28/2018,0.3,N/A,0.3,0.3,0.3
11/27/2018,0.3,N/A,0.3,0.3,0.3
11/26/2018,0.3,N/A,0.3,0.3,0.3
11/23/2018,0.3,N/A,0.3,0.3,0.3
11/22/2018,0.3,N/A,0.3,0.3,0.3
11/21/2018,0.3,N/A,0.3,0.3,0.3
11/20/2018,0.3,N/A,0.3,0.3,0.3
11/19/2018,0.3,N/A,0.3,0.3,0.3
11/16/2018,0.3,N/A,0.3,0.3,0.3
11/15/2018,0.3,N/A,0.3,0.3,0.3
11/14/2018,0.3,N/A,0.3,0.3,0.3
11/13/2018,0.1,N/A,0.1,0.1,0.1
11/12/2018,0.1,N/A,0.1,0.1,0.1
11/09/2018,0.1,N/A,0.1,0.1,0.1
11/08/2018,0.1,N/A,0.1,0.1,0.1
11/07/2018,0.1,N/A,0.1,0.1,0.1
11/06/2018,0.1,N/A,0.1,0.1,0.1
11/05/2018,0.1,N/A,0.1,0.1,0.1
11/02/2018,0.1,N/A,0.1,0.1,0.1
11/01/2018,0.1,N/A,0.1,0.1,0.1
10/31/2018,0.1,N/A,0.1,0.1,0.1
10/30/2018,0.1,N/A,0.1,0.1,0.1
10/29/2018,0.1,N/A,0.1,0.1,0.1
10/26/2018,0.1,N/A,0.1,0.1,0.1
10/25/2018,0.1,N/A,0.1,0.1,0.1
10/24/2018,0.1,N/A,0.1,0.1,0.1
10/23/2018,0.1,N/A,0.1,0.1,0.1
10/22/2018,0.1,N/A,0.1,0.1,0.1
10/19/2018,0.1,N/A,0.1,0.1,0.1
10/18/2018,0.1,N/A,0.1,0.1,0.1
10/17/2018,0.1,N/A,0.1,0.1,0.1
10/16/2018,0.1,N/A,0.1,0.1,0.1
10/15/2018,0.1,N/A,0.1,0.1,0.1
10/12/2018,0.1,N/A,0.1,0.1,0.1
10/11/2018,0.1,N/A,0.1,0.1,0.1
10/10/2018,0.2,N/A,0.2,0.2,0.2
10/09/2018,0.2,N/A,0.2,0.2,0.2
10/08/2018,0.2,N/A,0.2,0.2,0.2
10/05/2018,0.2,N/A,0.2,0.2,0.2
10/04/2018,0.2,N/A,0.2,0.2,0.2
10/03/2018,0.2,N/A,0.2,0.2,0.2
10/02/2018,0.2,N/A,0.2,0.2,0.2
10/01/2018,0.2,N/A,0.2,0.2,0.2
09/28/2018,0.2,N/A,0.2,0.2,0.2
09/27/2018,0.2,N/A,0.2,0.2,0.2
09/26/2018,0.2,N/A,0.2,0.2,0.2
09/25/2018,0.2,N/A,0.2,0.2,0.2
09/24/2018,0.2,N/A,0.2,0.2,0.2
09/21/2018,0.2,N/A,0.2,0.2,0.2
09/20/2018,0.2,N/A,0.2,0.2,0.2
09/19/2018,0.2,N/A,0.2,0.2,0.2
09/18/2018,0.2,N/A,0.2,0.2,0.2
09/17/2018,0.2,N/A,0.2,0.2,0.2
09/14/2018,0.2,N/A,0.2,0.2,0.2
09/13/2018,0.2,N/A,0.2,0.2,0.2
09/12/2018,0.2,N/A,0.2,0.2,0.2
09/11/2018,0.2,N/A,0.2,0.2,0.2
09/10/2018,0.2,N/A,0.2,0.2,0.2
09/07/2018,0.2,N/A,0.2,0.2,0.2
09/06/2018,0.2,N/A,0.2,0.2,0.2
09/05/2018,0.2,N/A,0.2,0.2,0.2
09/04/2018,0.2,N/A,0.2,0.2,0.2
09/03/2018,0.2,N/A,0.2,0.2,0.2
08/31/2018,0.2,N/A,0.2,0.2,0.2
08/30/2018,0.2,N/A,0.2,0.2,0.2
08/29/2018,0.2,N/A,0.2,0.2,0.2
08/28/2018,0.2,N/A,0.2,0.2,0.2
08/27/2018,0.2,N/A,0.2,0.2,0.2
08/24/2018,0.2,N/A,0.2,0.2,0.2
08/23/2018,0.2,N/A,0.2,0.2,0.2
08/22/2018,0.2,N/A,0.2,0.2,0.2
08/21/2018,0.2,N/A,0.2,0.2,0.2
08/20/2018,0.2,N/A,0.2,0.2,0.2
08/17/2018,0.2,N/A,0.2,0.2,0.2
08/16/2018,0.2,N/A,0.2,0.2,0.2
08/15/2018,0.2,N/A,0.2,0.2,0.2
08/14/2018,0.2,N/A,0.2,0.2,0.2
08/13/2018,0.2,N/A,0.2,0.2,0.2
08/10/2018,0.2,N/A,0.2,0.2,0.2
08/09/2018,0.1,N/A,0.1,0.1,0.1
08/08/2018,0.1,N/A,0.1,0.1,0.1
08/07/2018,0.1,N/A,0.1,0.1,0.1
08/06/2018,0.1,N/A,0.1,0.1,0.1
08/03/2018,0.1,N/A,0.1,0.1,0.1
08/02/2018,0.1,N/A,0.1,0.1,0.1
08/01/2018,0.1,N/A,0.1,0.1,0.1
07/31/2018,0.1,N/A,0.1,0.1,0.1
07/30/2018,0.1,N/A,0.1,0.1,0.1
07/27/2018,0.1,N/A,0.1,0.1,0.1
07/26/2018,0.1,N/A,0.1,0.1,0.1
07/25/2018,0.1,N/A,0.1,0.1,0.1
07/24/2018,0.1,N/A,0.1,0.1,0.1
07/23/2018,0.1,N/A,0.1,0.1,0.1
07/20/2018,0.1,N/A,0.1,0.1,0.1
07/19/2018,0.1,N/A,0.1,0.1,0.1
07/18/2018,0.1,N/A,0.1,0.1,0.1
07/17/2018,0.1,N/A,0.1,0.1,0.1
07/16/2018,0.1,N/A,0.1,0.1,0.1
07/13/2018,0.1,N/A,0.1,0.1,0.1
07/12/2018,0.1,N/A,0.1,0.1,0.1
07/11/2018,0.2,N/A,0.2,0.2,0.2
07/10/2018,0.2,N/A,0.2,0.2,0.2
07/09/2018,0.2,N/A,0.2,0.2,0.2
07/06/2018,0.2,N/A,0.2,0.2,0.2
07/05/2018,0.2,N/A,0.2,0.2,0.2
07/04/2018,0.2,N/A,0.2,0.2,0.2
07/03/2018,0.2,N/A,0.2,0.2,0.2
07/02/2018,0.2,N/A,0.2,0.2,0.2
06/29/2018,0.2,N/A,0.2,0.2,0.2
06/28/2018,0.2,N/A,0.2,0.2,0.2
06/27/2018,0.2,N/A,0.2,0.2,0.2
06/26/2018,0.2,N/A,0.2,0.2,0.2
06/25/2018,0.2,N/A,0.2,0.2,0.2
06/22/2018,0.2,N/A,0.2,0.2,0.2
06/21/2018,0.2,N/A,0.2,0.2,0.2
06/20/2018,0.2,N/A,0.2,0.2,0.2
06/19/2018,0.2,N/A,0.2,0.2,0.2
06/18/2018,0.2,N/A,0.2,0.2,0.2
06/15/2018,0.2,N/A,0.2,0.2,0.2
06/14/2018,0.2,N/A,0.2,0.2,0.2
06/13/2018,0.2,N/A,0.2,0.2,0.2
06/12/2018,0.2,N/A,0.2,0.2,0.2
06/11/2018,0.2,N/A,0.2,0.2,0.2
06/08/2018,0.2,N/A,0.2,0.2,0.2
06/07/2018,0.2,N/A,0.2,0.2,0.2
06/06/2018,0.2,N/A,0.2,0.2,0.2
06/05/2018,0.2,N/A,0.2,0.2,0.2
06/04/2018,0.2,N/A,0.2,0.2,0.2
06/01/2018,0.2,N/A,0.2,0.2,0.2
05/31/2018,0.2,N/A,0.2,0.2,0.2
05/30/2018,0.2,N/A,0.2,0.2,0.2
05/29/2018,0.2,N/A,0.2,0.2,0.2
05/28/2018,0.2,N/A,0.2,0.2,0.2
05/25/2018,0.2,N/A,0.2,0.2,0.2
05/24/2018,0.2,N/A,0.2,0.2,0.2
05/23/2018,0.2,N/A,0.2,0.2,0.2
05/22/2018,0.2,N/A,0.2,0.2,0.2
05/21/2018,0.2,N/A,0.2,0.2,0.2
05/18/2018,0.2,N/A,0.2,0.2,0.2
05/17/2018,0.2,N/A,0.2,0.2,0.2
05/16/2018,0.2,N/A,0.2,0.2,0.2
05/15/2018,0.2,N/A,0.2,0.2,0.2
05/14/2018,0.2,N/A,0.2,0.2,0.2
05/11/2018,0.2,N/A,0.2,0.2,0.2
05/10/2018,0.2,N/A,0.2,0.2,0.2
05/09/2018,-0.1,N/A,-0.1,-0.1,-0.1
05/08/2018,-0.1,N/A,-0.1,-0.1,-0.1
05/07/2018,-0.1,N/A,-0.1,-0.1,-0.1
05/04/2018,-0.1,N/A,-0.1,-0.1,-0.1
05/03/2018,-0.1,N/A,-0.1,-0.1,-0.1
05/02/2018,-0.1,N/A,-0.1,-0.1,-0.1
05/01/2018,-0.1,N/A,-0.1,-0.1,-0.1
04/30/2018,-0.1,N/A,-0.1,-0.1,-0.1
04/27/2018,-0.1,N/A,-0.1,-0.1,-0.1
04/26/2018,-0.1,N/A,-0.1,-0.1,-0.1
04/25/2018,-0.1,N/A,-0.1,-0.1,-0.1
04/24/2018,-0.1,N/A,-0.1,-0.1,-0.1
04/23/2018,-0.1,N/A,-0.1,-0.1,-0.1
04/20/2018,-0.1,N/A,-0.1,-0.1,-0.1
04/19/2018,-0.1,N/A,-0.1,-0.1,-0.1
04/18/2018,-0.1,N/A,-0.1,-0.1,-0.1
04/17/2018,-0.1,N/A,-0.1,-0.1,-0.1
04/16/2018,-0.1,N/A,-0.1,-0.1,-0.1
04/13/2018,-0.1,N/A,-0.1,-0.1,-0.1
04/12/2018,-0.1,N/A,-0.1,-0.1,-0.1
04/11/2018,-0.1,N/A,-0.1,-0.1,-0.1
04/10/2018,0.2,N/A,0.2,0.2,0.2
04/09/2018,0.2,N/A,0.2,0.2,0.2
04/06/2018,0.2,N/A,0.2,0.2,0.2
04/05/2018,0.2,N/A,0.2,0.2,0.2
04/04/2018,0.2,N/A,0.2,0.2,0.2
04/03/2018,0.2,N/A,0.2,0.2,0.2
04/02/2018,0.2,N/A,0.2,0.2,0.2
03/30/2018,0.2,N/A,0.2,0.2,0.2
03/29/2018,0.2,N/A,0.2,0.2,0.2
03/28/2018,0.2,N/A,0.2,0.2,0.2
03/27/2018,0.2,N/A,0.2,0.2,0.2
03/26/2018,0.2,N/A,0.2,0.2,0.2
03/23/2018,0.2,N/A,0.2,0.2,0.2
03/22/2018,0.2,N/A,0.2,0.2,0.2
03/21/2018,0.2,N/A,0.2,0.2,0.2
03/20/2018,0.2,N/A,0.2,0.2,0.2
03/19/2018,0.2,N/A,0.2,0.2,0.2
03/16/2018,0.2,N/A,0.2,0.2,0.2
03/15/2018,0.2,N/A,0.2,0.2,0.2
03/14/2018,0.2,N/A,0.2,0.2,0.2
03/13/2018,0.2,N/A,0.2,0.2,0.2
03/12/2018,0.5,N/A,0.5,0.5,0.5
03/09/2018,0.5,N/A,0.5,0.5,0.5
03/08/2018,0.5,N/A,0.5,0.5,0.5
03/07/2018,0.5,N/A,0.5,0.5,0.5
03/06/2018,0.5,N/A,0.5,0.5,0.5
03/05/2018,0.5,N/A,0.5,0.5,0.5
03/02/2018,0.5,N/A,0.5,0.5,0.5
03/01/2018,0.5,N/A,0.5,0.5,0.5
02/28/2018,0.5,N/A,0.5,0.5,0.5
02/27/2018,0.5,N/A,0.5,0.5,0.5
02/26/2018,0.5,N/A,0.5,0.5,0.5
02/23/2018,0.5,N/A,0.5,0.5,0.5
02/22/2018,0.5,N/A,0.5,0.5,0.5
02/21/2018,0.5,N/A,0.5,0.5,0.5
02/20/2018,0.5,N/A,0.5,0.5,0.5
02/19/2018,0.5,N/A,0.5,0.5,0.5
02/16/2018,0.5,N/A,0.5,0.5,0.5
02/15/2018,0.5,N/A,0.5,0.5,0.5
02/14/2018,0.5,N/A,0.5,0.5,0.5
02/13/2018,0.2,N/A,0.2,0.2,0.2
02/12/2018,0.2,N/A,0.2,0.2,0.2
02/09/2018,0.2,N/A,0.2,0.2,0.2
02/08/2018,0.2,N/A,0.2,0.2,0.2
02/07/2018,0.2,N/A,0.2,0.2,0.2
02/06/2018,0.1,N/A,0.1,0.1,0.1
02/05/2018,0.1,N/A,0.1,0.1,0.1
02/02/2018,0.1,N/A,0.1,0.1,0.1
02/01/2018,0.1,N/A,0.1,0.1,0.1
01/31/2018,0.1,N/A,0.1,0.1,0.1
01/30/2018,0.1,N/A,0.1,0.1,0.1
01/29/2018,0.1,N/A,0.1,0.1,0.1
01/26/2018,0.1,N/A,0.1,0.1,0.1
01/25/2018,0.1,N/A,0.1,0.1,0.1
01/24/2018,0.1,N/A,0.1,0.1,0.1
01/23/2018,0.1,N/A,0.1,0.1,0.1
01/22/2018,0.1,N/A,0.1,0.1,0.1
01/19/2018,0.1,N/A,0.1,0.1,0.1
01/18/2018,0.1,N/A,0.1,0.1,0.1
01/17/2018,0.1,N/A,0.1,0.1,0.1
01/16/2018,0.1,N/A,0.1,0.1,0.1
01/15/2018,0.1,N/A,0.1,0.1,0.1
01/12/2018,0.1,N/A,0.1,0.1,0.1
01/11/2018,0.4,N/A,0.4,0.4,0.4
01/10/2018,0.4,N/A,0.4,0.4,0.4
01/09/2018,0.4,N/A,0.4,0.4,0.4
01/08/2018,0.4,N/A,0.4,0.4,0.4
01/05/2018,0.4,N/A,0.4,0.4,0.4
01/04/2018,0.4,N/A,0.4,0.4,0.4
01/03/2018,0.4,N/A,0.4,0.4,0.4
01/02/2018,0.4,N/A,0.4,0.4,0.4
01/01/2018,0.4,N/A,0.4,0.4,0.4
12/29/2017,0.4,N/A,0.4,0.4,0.4
12/28/2017,0.4,N/A,0.4,0.4,0.4
12/27/2017,0.4,N/A,0.4,0.4,0.4
12/26/2017,0.4,N/A,0.4,0.4,0.4
12/25/2017,0.4,N/A,0.4,0.4,0.4
12/22/2017,0.4,N/A,0.4,0.4,0.4
12/21/2017,0.4,N/A,0.4,0.4,0.4
12/20/2017,0.4,N/A,0.4,0.4,0.4
12/19/2017,0.4,N/A,0.4,0.4,0.4
12/18/2017,0.4,N/A,0.4,0.4,0.4
12/15/2017,0.4,N/A,0.4,0.4,0.4
12/14/2017,0.4,N/A,0.4,0.4,0.4
12/13/2017,0.4,N/A,0.4,0.4,0.4
12/12/2017,0.1,N/A,0.1,0.1,0.1
12/11/2017,0.1,N/A,0.1,0.1,0.1
12/08/2017,0.1,N/A,0.1,0.1,0.1
12/07/2017,0.1,N/A,0.1,0.1,0.1
12/06/2017,0.1,N/A,0.1,0.1,0.1
12/05/2017,0.1,N/A,0.1,0.1,0.1
12/04/2017,0.1,N/A,0.1,0.1,0.1
12/01/2017,0.1,N/A,0.1,0.1,0.1
11/30/2017,0.1,N/A,0.1,0.1,0.1
11/29/2017,0.1,N/A,0.1,0.1,0.1
11/28/2017,0.1,N/A,0.1,0.1,0.1
11/27/2017,0.1,N/A,0.1,0.1,0.1
11/24/2017,0.1,N/A,0.1,0.1,0.1
11/23/2017,0.1,N/A,0.1,0.1,0.1
11/22/2017,0.1,N/A,0.1,0.1,0.1
11/21/2017,0.1,N/A,0.1,0.1,0.1
11/20/2017,0.1,N/A,0.1,0.1,0.1
11/17/2017,0.1,N/A,0.1,0.1,0.1
11/16/2017,0.1,N/A,0.1,0.1,0.1
11/15/2017,0.1,N/A,0.1,0.1,0.1
11/14/2017,0.5,N/A,0.5,0.5,0.5
11/13/2017,0.5,N/A,0.5,0.5,0.5
11/10/2017,0.5,N/A,0.5,0.5,0.5
11/09/2017,0.5,N/A,0.5,0.5,0.5
11/08/2017,0.5,N/A,0.5,0.5,0.5
11/07/2017,0.5,N/A,0.5,0.5,0.5
11/06/2017,0.5,N/A,0.5,0.5,0.5
11/03/2017,0.5,N/A,0.5,0.5,0.5
11/02/2017,0.5,N/A,0.5,0.5,0.5
11/01/2017,0.5,N/A,0.5,0.5,0.5
10/31/2017,0.5,N/A,0.5,0.5,0.5
10/30/2017,0.5,N/A,0.5,0.5,0.5
10/27/2017,0.5,N/A,0.5,0.5,0.5
10/26/2017,0.5,N/A,0.5,0.5,0.5
10/25/2017,0.5,N/A,0.5,0.5,0.5
10/24/2017,0.5,N/A,0.5,0.5,0.5
10/23/2017,0.5,N/A,0.5,0.5,0.5
10/20/2017,0.5,N/A,0.5,0.5,0.5
10/19/2017,0.5,N/A,0.5,0.5,0.5
10/18/2017,0.5,N/A,0.5,0.5,0.5
10/17/2017,0.5,N/A,0.5,0.5,0.5
10/16/2017,0.5,N/A,0.5,0.5,0.5
10/13/2017,0.5,N/A,0.5,0.5,0.5
10/12/2017,0.4,N/A,0.4,0.4,0.4
10/11/2017,0.4,N/A,0.4,0.4,0.4
10/10/2017,0.4,N/A,0.4,0.4,0.4
10/09/2017,0.4,N/A,0.4,0.4,0.4
10/06/2017,0.4,N/A,0.4,0.4,0.4
10/05/2017,0.4,N/A,0.4,0.4,0.4
10/04/2017,0.4,N/A,0.4,0.4,0.4
10/03/2017,0.4,N/A,0.4,0.4,0.4
10/02/2017,0.4,N/A,0.4,0.4,0.4
09/29/2017,0.4,N/A,0.4,0.4,0.4
09/28/2017,0.4,N/A,0.4,0.4,0.4
09/27/2017,0.4,N/A,0.4,0.4,0.4
09/26/2017,0.4,N/A,0.4,0.4,0.4
09/25/2017,0.4,N/A,0.4,0.4,0.4
09/22/2017,0.4,N/A,0.4,0.4,0.4
09/21/2017,0.4,N/A,0.4,0.4,0.4
09/20/2017,0.4,N/A,0.4,0.4,0.4
09/19/2017,0.4,N/A,0.4,0.4,0.4
09/18/2017,0.4,N/A,0.4,0.4,0.4
09/15/2017,0.4,N/A,0.4,0.4,0.4
09/14/2017,0.4,N/A,0.4,0.4,0.4
09/13/2017,0.1,N/A,0.1,0.1,0.1
09/12/2017,0.1,N/A,0.1,0.1,0.1
09/11/2017,0.1,N/A,0.1,0.1,0.1
09/08/2017,0.1,N/A,0.1,0.1,0.1
09/07/2017,0.1,N/A,0.1,0.1,0.1
09/06/2017,0.1,N/A,0.1,0.1,0.1
09/05/2017,0.1,N/A,0.1,0.1,0.1
09/04/2017,0.1,N/A,0.1,0.1,0.1
09/01/2017,0.1,N/A,0.1,0.1,0.1
08/31/2017,0.1,N/A,0.1,0.1,0.1
08/30/2017,0.1,N/A,0.1,0.1,0.1
08/29/2017,0.1,N/A,0.1,0.1,0.1
08/28/2017,0.1,N/A,0.1,0.1,0.1
08/25/2017,0.1,N/A,0.1,0.1,0.1
08/24/2017,0.1,N/A,0.1,0.1,0.1
08/23/2017,0.1,N/A,0.1,0.1,0.1
08/22/2017,0.1,N/A,0.1,0.1,0.1
08/21/2017,0.1,N/A,0.1,0.1,0.1
08/18/2017,0.1,N/A,0.1,0.1,0.1
08/17/2017,0.1,N/A,0.1,0.1,0.1
08/16/2017,0.1,N/A,0.1,0.1,0.1
08/15/2017,0.1,N/A,0.1,0.1,0.1
08/14/2017,0.1,N/A,0.1,0.1,0.1
08/11/2017,0.1,N/A,0.1,0.1,0.1
08/10/2017,-0.1,N/A,-0.1,-0.1,-0.1
08/09/2017,-0.1,N/A,-0.1,-0.1,-0.1
08/08/2017,-0.1,N/A,-0.1,-0.1,-0.1
08/07/2017,-0.1,N/A,-0.1,-0.1,-0.1
08/04/2017,-0.1,N/A,-0.1,-0.1,-0.1
08/03/2017,-0.1,N/A,-0.1,-0.1,-0.1
08/02/2017,-0.1,N/A,-0.1,-0.1,-0.1
08/01/2017,-0.1,N/A,-0.1,-0.1,-0.1
07/31/2017,-0.1,N/A,-0.1,-0.1,-0.1
07/28/2017,-0.1,N/A,-0.1,-0.1,-0.1
07/27/2017,-0.1,N/A,-0.1,-0.1,-0.1
07/26/2017,-0.1,N/A,-0.1,-0.1,-0.1
07/25/2017,-0.1,N/A,-0.1,-0.1,-0.1
07/24/2017,-0.1,N/A,-0.1,-0.1,-0.1
07/21/2017,-0.1,N/A,-0.1,-0.1,-0.1
07/20/2017,-0.1,N/A,-0.1,-0.1,-0.1
07/19/2017,-0.1,N/A,-0.1,-0.1,-0.1
07/18/2017,-0.1,N/A,-0.1,-0.1,-0.1
07/17/2017,-0.1,N/A,-0.1,-0.1,-0.1
07/14/2017,-0.1,N/A,-0.1,-0.1,-0.1
07/13/2017,-0.1,N/A,-0.1,-0.1,-0.1
07/12/2017,-0.1,N/A,-0.1,-0.1,-0.1
07/11/2017,-0.1,N/A,-0.1,-0.1,-0.1
07/10/2017,-0.1,N/A,-0.1,-0.1,-0.1
07/07/2017,-0.1,N/A,-0.1,-0.1,-0.1
07/06/2017,-0.1,N/A,-0.1,-0.1,-0.1
07/05/2017,-0.1,N/A,-0.1,-0.1,-0.1
07/04/2017,-0.1,N/A,-0.1,-0.1,-0.1
07/03/2017,-0.1,N/A,-0.1,-0.1,-0.1
06/30/2017,-0.1,N/A,-0.1,-0.1,-0.1
06/29/2017,-0.1,N/A,-0.1,-0.1,-0.1
06/28/2017,-0.1,N/A,-0.1,-0.1,-0.1
06/27/2017,-0.1,N/A,-0.1,-0.1,-0.1
06/26/2017,-0.1,N/A,-0.1,-0.1,-0.1
06/23/2017,-0.1,N/A,-0.1,-0.1,-0.1
06/22/2017,-0.1,N/A,-0.1,-0.1,-0.1
06/21/2017,-0.1,N/A,-0.1,-0.1,-0.1
06/20/2017,-0.1,N/A,-0.1,-0.1,-0.1
06/19/2017,-0.1,N/A,-0.1,-0.1,-0.1
06/16/2017,-0.1,N/A,-0.1,-0.1,-0.1
06/15/2017,-0.1,N/A,-0.1,-0.1,-0.1
06/14/2017,-0.1,N/A,-0.1,-0.1,-0.1
06/13/2017,0.2,N/A,0.2,0.2,0.2
06/12/2017,0.2,N/A,0.2,0.2,0.2
06/09/2017,0.2,N/A,0.2,0.2,0.2
06/08/2017,0.2,N/A,0.2,0.2,0.2
06/07/2017,0.2,N/A,0.2,0.2,0.2
06/06/2017,0.2,N/A,0.2,0.2,0.2
06/05/2017,0.2,N/A,0.2,0.2,0.2
06/02/2017,0.2,N/A,0.2,0.2,0.2
06/01/2017,0.2,N/A,0.2,0.2,0.2
05/31/2017,0.2,N/A,0.2,0.2,0.2
05/30/2017,0.2,N/A,0.2,0.2,0.2
05/29/2017,0.2,N/A,0.2,0.2,0.2
05/26/2017,0.2,N/A,0.2,0.2,0.2
05/25/2017,0.2,N/A,0.2,0.2,0.2
05/24/2017,0.2,N/A,0.2,0.2,0.2
05/23/2017,0.2,N/A,0.2,0.2,0.2
05/22/2017,0.2,N/A,0.2,0.2,0.2
05/19/2017,0.2,N/A,0.2,0.2,0.2
05/18/2017,0.2,N/A,0.2,0.2,0.2
05/17/2017,0.2,N/A,0.2,0.2,0.2
05/16/2017,0.2,N/A,0.2,0.2,0.2
05/15/2017,0.2,N/A,0.2,0.2,0.2
05/12/2017,0.2,N/A,0.2,0.2,0.2
05/11/2017,-0.3,N/A,-0.3,-0.3,-0.3
05/10/2017,-0.3,N/A,-0.3,-0.3,-0.3
05/09/2017,-0.3,N/A,-0.3,-0.3,-0.3
05/08/2017,-0.3,N/A,-0.3,-0.3,-0.3
05/05/2017,-0.3,N/A,-0.3,-0.3,-0.3
05/04/2017,-0.3,N/A,-0.3,-0.3,-0.3
05/03/2017,-0.3,N/A,-0.3,-0.3,-0.3
05/02/2017,-0.3,N/A,-0.3,-0.3,-0.3
05/01/2017,-0.3,N/A,-0.3,-0.3,-0.3
04/28/2017,-0.3,N/A,-0.3,-0.3,-0.3
04/27/2017,-0.3,N/A,-0.3,-0.3,-0.3
04/26/2017,-0.3,N/A,-0.3,-0.3,-0.3
04/25/2017,-0.3,N/A,-0.3,-0.3,-0.3
04/24/2017,-0.3,N/A,-0.3,-0.3,-0.3
04/21/2017,-0.3,N/A,-0.3,-0.3,-0.3
04/20/2017,-0.3,N/A,-0.3,-0.3,-0.3
04/19/2017,-0.3,N/A,-0.3,-0.3,-0.3
04/18/2017,-0.3,N/A,-0.3,-0.3,-0.3
04/17/2017,-0.3,N/A,-0.3,-0.3,-0.3
04/14/2017,-0.3,N/A,-0.3,-0.3,-0.3
04/13/2017,0.1,N/A,0.1,0.1,0.1
04/12/2017,0.1,N/A,0.1,0.1,0.1
04/11/2017,0.1,N/A,0.1,0.1,0.1
04/10/2017,0.1,N/A,0.1,0.1,0.1
04/07/2017,0.1,N/A,0.1,0.1,0.1
04/06/2017,0.1,N/A,0.1,0.1,0.1
04/05/2017,0.1,N/A,0.1,0.1,0.1
04/04/2017,0.1,N/A,0.1,0.1,0.1
04/03/2017,0.1,N/A,0.1,0.1,0.1
03/31/2017,0.1,N/A,0.1,0.1,0.1
03/30/2017,0.1,N/A,0.1,0.1,0.1
03/29/2017,0.1,N/A,0.1,0.1,0.1
03/28/2017,0.1,N/A,0.1,0.1,0.1
03/27/2017,0.1,N/A,0.1,0.1,0.1
03/24/2017,0.1,N/A,0.1,0.1,0.1
03/23/2017,0.1,N/A,0.1,0.1,0.1
03/22/2017,0.1,N/A,0.1,0.1,0.1
03/21/2017,0.1,N/A,0.1,0.1,0.1
03/20/2017,0.1,N/A,0.1,0.1,0.1
03/17/2017,0.1,N/A,0.1,0.1,0.1
03/16/2017,0.1,N/A,0.1,0.1,0.1
03/15/2017,0.1,N/A,0.1,0.1,0.1
03/14/2017,0.6,N/A,0.6,0.6,0.6
03/13/2017,0.6,N/A,0.6,0.6,0.6
03/10/2017,0.6,N/A,0.6,0.6,0.6
03/09/2017,0.6,N/A,0.6,0.6,0.6
03/08/2017,0.6,N/A,0.6,0.6,0.6
03/07/2017,0.6,N/A,0.6,0.6,0.6
03/06/2017,0.6,N/A,0.6,0.6,0.6
03/03/2017,0.6,N/A,0.6,0.6,0.6
03/02/2017,0.6,N/A,0.6,0.6,0.6
03/01/2017,0.6,N/A,0.6,0.6,0.6
02/28/2017,0.6,N/A,0.6,0.6,0.6
02/27/2017,0.6,N/A,0.6,0.6,0.6
02/24/2017,0.6,N/A,0.6,0.6,0.6
02/23/2017,0.6,N/A,0.6,0.6,0.6
02/22/2017,0.6,N/A,0.6,0.6,0.6
02/21/2017,0.6,N/A,0.6,0.6,0.6
02/20/2017,0.6,N/A,0.6,0.6,0.6
02/17/2017,0.6,N/A,0.6,0.6,0.6
02/16/2017,0.6,N/A,0.6,0.6,0.6
02/15/2017,0.6,N/A,0.6,0.6,0.6
02/14/2017,0.3,N/A,0.3,0.3,0.3
02/13/2017,0.3,N/A,0.3,0.3,0.3
02/10/2017,0.3,N/A,0.3,0.3,0.3
02/09/2017,0.3,N/A,0.3,0.3,0.3
02/08/2017,0.3,N/A,0.3,0.3,0.3
02/07/2017,0.3,N/A,0.3,0.3,0.3
02/06/2017,0.3,N/A,0.3,0.3,0.3
02/03/2017,0.3,N/A,0.3,0.3,0.3
02/02/2017,0.3,N/A,0.3,0.3,0.3
02/01/2017,0.3,N/A,0.3,0.3,0.3
01/31/2017,0.3,N/A,0.3,0.3,0.3
01/30/2017,0.3,N/A,0.3,0.3,0.3
01/27/2017,0.3,N/A,0.3,0.3,0.3
01/26/2017,0.3,N/A,0.3,0.3,0.3
01/25/2017,0.3,N/A,0.3,0.3,0.3
01/24/2017,0.3,N/A,0.3,0.3,0.3
01/23/2017,0.3,N/A,0.3,0.3,0.3
01/20/2017,0.3,N/A,0.3,0.3,0.3
01/19/2017,0.3,N/A,0.3,0.3,0.3
01/18/2017,0.3,N/A,0.3,0.3,0.3
01/17/2017,0.2,N/A,0.2,0.2,0.2
01/16/2017,0.2,N/A,0.2,0.2,0.2
01/13/2017,0.2,N/A,0.2,0.2,0.2
01/12/2017,0.2,N/A,0.2,0.2,0.2
01/11/2017,0.2,N/A,0.2,0.2,0.2
01/10/2017,0.2,N/A,0.2,0.2,0.2
01/09/2017,0.2,N/A,0.2,0.2,0.2
01/06/2017,0.2,N/A,0.2,0.2,0.2
01/05/2017,0.2,N/A,0.2,0.2,0.2
01/04/2017,0.4,N/A,0.4,0.4,0.4
01/03/2017,0.4,N/A,0.4,0.4,0.4
01/02/2017,0.4,N/A,0.4,0.4,0.4
12/30/2016,0.4,N/A,0.4,0.4,0.4
12/29/2016,0.4,N/A,0.4,0.4,0.4
12/28/2016,0.4,N/A,0.4,0.4,0.4
12/27/2016,0.4,N/A,0.4,0.4,0.4
12/26/2016,0.4,N/A,0.4,0.4,0.4
12/23/2016,0.4,N/A,0.4,0.4,0.4
12/22/2016,0.4,N/A,0.4,0.4,0.4
12/21/2016,0.4,N/A,0.4,0.4,0.4
12/20/2016,0.4,N/A,0.4,0.4,0.4
12/19/2016,0.4,N/A,0.4,0.4,0.4
12/16/2016,0.4,N/A,0.4,0.4,0.4
12/15/2016,0.4,N/A,0.4,0.4,0.4
12/14/2016,0.4,N/A,0.4,0.4,0.4
12/13/2016,0.4,N/A,0.4,0.4,0.4
12/12/2016,0.4,N/A,0.4,0.4,0.4
12/09/2016,0.4,N/A,0.4,0.4,0.4
12/08/2016,0.4,N/A,0.4,0.4,0.4
12/07/2016,0.4,N/A,0.4,0.4,0.4
12/06/2016,0.4,N/A,0.4,0.4,0.4
12/05/2016,0.4,N/A,0.4,0.4,0.4
12/02/2016,0.4,N/A,0.4,0.4,0.4
12/01/2016,0.4,N/A,0.4,0.4,0.4
11/30/2016,0.4,N/A,0.4,0.4,0.4
11/29/2016,0.4,N/A,0.4,0.4,0.4
11/28/2016,0.4,N/A,0.4,0.4,0.4
11/25/2016,0.4,N/A,0.4,0.4,0.4
11/24/2016,0.4,N/A,0.4,0.4,0.4
11/23/2016,0.4,N/A,0.4,0.4,0.4
11/22/2016,0.4,N/A,0.4,0.4,0.4
11/21/2016,0.4,N/A,0.4,0.4,0.4
11/18/2016,0.4,N/A,0.4,0.4,0.4
11/17/2016,0.4,N/A,0.4,0.4,0.4
11/16/2016,0.3,N/A,0.3,0.3,0.3
11/15/2016,0.3,N/A,0.3,0.3,0.3
11/14/2016,0.3,N/A,0.3,0.3,0.3
11/11/2016,0.3,N/A,0.3,0.3,0.3
11/10/2016,0.3,N/A,0.3,0.3,0.3
11/09/2016,0.3,N/A,0.3,0.3,0.3
11/08/2016,0.3,N/A,0.3,0.3,0.3
11/07/2016,0.3,N/A,0.3,0.3,0.3
11/04/2016,0.3,N/A,0.3,0.3,0.3
11/03/2016,0.3,N/A,0.3,0.3,0.3
11/02/2016,0.3,N/A,0.3,0.3,0.3
11/01/2016,0.3,N/A,0.3,0.3,0.3
10/31/2016,0.3,N/A,0.3,0.3,0.3
10/28/2016,0.3,N/A,0.3,0.3,0.3
10/27/2016,0.3,N/A,0.3,0.3,0.3
10/26/2016,0.3,N/A,0.3,0.3,0.3
10/25/2016,0.3,N/A,0.3,0.3,0.3
10/24/2016,0.3,N/A,0.3,0.3,0.3
10/21/2016,0.3,N/A,0.3,0.3,0.3
10/20/2016,0.3,N/A,0.3,0.3,0.3
10/19/2016,0.3,N/A,0.3,0.3,0.3
10/18/2016,0.3,N/A,0.3,0.3,0.3
10/17/2016,0.2,N/A,0.2,0.2,0.2
10/14/2016,0.2,N/A,0.2,0.2,0.2
10/13/2016,0.2,N/A,0.2,0.2,0.2
10/12/2016,0.2,N/A,0.2,0.2,0.2
10/11/2016,0.2,N/A,0.2,0.2,0.2
10/10/2016,0.2,N/A,0.2,0.2,0.2
10/07/2016,0.2,N/A,0.2,0.2,0.2
10/06/2016,0.2,N/A,0.2,0.2,0.2
10/05/2016,0.2,N/A,0.2,0.2,0.2
10/04/2016,0.2,N/A,0.2,0.2,0.2
10/03/2016,0.2,N/A,0.2,0.2,0.2
09/30/2016,0.2,N/A,0.2,0.2,0.2
09/29/2016,0.2,N/A,0.2,0.2,0.2
09/28/2016,0.2,N/A,0.2,0.2,0.2
09/27/2016,0.2,N/A,0.2,0.2,0.2
09/26/2016,0.2,N/A,0.2,0.2,0.2
09/23/2016,0.2,N/A,0.2,0.2,0.2
09/22/2016,0.2,N/A,0.2,0.2,0.2
09/21/2016,0.2,N/A,0.2,0.2,0.2
09/20/2016,0.2,N/A,0.2,0.2,0.2
09/19/2016,0.2,N/A,0.2,0.2,0.2
09/16/2016,0.2,N/A,0.2,0.2,0.2
09/15/2016,0.2,N/A,0.2,0.2,0.2
09/14/2016,0.2,N/A,0.2,0.2,0.2
09/13/2016,0.2,N/A,0.2,0.2,0.2
09/12/2016,0.2,N/A,0.2,0.2,0.2
09/09/2016,0.2,N/A,0.2,0.2,0.2
09/08/2016,0.2,N/A,0.2,0.2,0.2
09/07/2016,0.2,N/A,0.2,0.2,0.2
09/06/2016,0.2,N/A,0.2,0.2,0.2
09/05/2016,0.2,N/A,0.2,0.2,0.2
09/02/2016,0.2,N/A,0.2,0.2,0.2
09/01/2016,0.2,N/A,0.2,0.2,0.2
08/31/2016,0.2,N/A,0.2,0.2,0.2
08/30/2016,0.2,N/A,0.2,0.2,0.2
08/29/2016,0.2,N/A,0.2,0.2,0.2
08/26/2016,0.2,N/A,0.2,0.2,0.2
08/25/2016,0.2,N/A,0.2,0.2,0.2
08/24/2016,0.2,N/A,0.2,0.2,0.2
08/23/2016,0.2,N/A,0.2,0.2,0.2
08/22/2016,0.2,N/A,0.2,0.2,0.2
08/19/2016,0.2,N/A,0.2,0.2,0.2
08/18/2016,0.2,N/A,0.2,0.2,0.2
08/17/2016,0.2,N/A,0.2,0.2,0.2
08/16/2016,0.2,N/A,0.2,0.2,0.2
08/15/2016,0.2,N/A,0.2,0.2,0.2
08/12/2016,0.2,N/A,0.2,0.2,0.2
08/11/2016,0.2,N/A,0.2,0.2,0.2
08/10/2016,0.2,N/A,0.2,0.2,0.2
08/09/2016,0.2,N/A,0.2,0.2,0.2
08/08/2016,0.2,N/A,0.2,0.2,0.2
08/05/2016,0.2,N/A,0.2,0.2,0.2
08/04/2016,0.2,N/A,0.2,0.2,0.2
08/03/2016,0.2,N/A,0.2,0.2,0.2
08/02/2016,0.2,N/A,0.2,0.2,0.2
08/01/2016,0.2,N/A,0.2,0.2,0.2
07/29/2016,0.2,N/A,0.2,0.2,0.2
07/28/2016,0.2,N/A,0.2,0.2,0.2
07/27/2016,0.2,N/A,0.2,0.2,0.2
07/26/2016,0.2,N/A,0.2,0.2,0.2
07/25/2016,0.2,N/A,0.2,0.2,0.2
07/22/2016,0.2,N/A,0.2,0.2,0.2
07/21/2016,0.2,N/A,0.2,0.2,0.2
07/20/2016,0.2,N/A,0.2,0.2,0.2
07/19/2016,0.2,N/A,0.2,0.2,0.2
07/18/2016,0.2,N/A,0.2,0.2,0.2
07/15/2016,0.2,N/A,0.2,0.2,0.2
07/14/2016,0.2,N/A,0.2,0.2,0.2
07/13/2016,0.2,N/A,0.2,0.2,0.2
07/12/2016,0.2,N/A,0.2,0.2,0.2
07/11/2016,0.2,N/A,0.2,0.2,0.2
07/08/2016,0.2,N/A,0.2,0.2,0.2
07/07/2016,0.2,N/A,0.2,0.2,0.2
07/06/2016,0.2,N/A,0.2,0.2,0.2
07/05/2016,0.2,N/A,0.2,0.2,0.2
07/04/2016,0.2,N/A,0.2,0.2,0.2
07/01/2016,0.2,N/A,0.2,0.2,0.2
06/30/2016,0.2,N/A,0.2,0.2,0.2
06/29/2016,0.2,N/A,0.2,0.2,0.2
06/28/2016,0.2,N/A,0.2,0.2,0.2
06/27/2016,0.2,N/A,0.2,0.2,0.2
06/24/2016,0.2,N/A,0.2,0.2,0.2
06/23/2016,0.2,N/A,0.2,0.2,0.2
06/22/2016,0.2,N/A,0.2,0.2,0.2
06/21/2016,0.2,N/A,0.2,0.2,0.2
06/20/2016,0.2,N/A,0.2,0.2,0.2
06/17/2016,0.2,N/A,0.2,0.2,0.2
06/16/2016,0.2,N/A,0.2,0.2,0.2
06/15/2016,0.4,N/A,0.4,0.4,0.4
06/14/2016,0.4,N/A,0.4,0.4,0.4
06/13/2016,0.4,N/A,0.4,0.4,0.4
06/10/2016,0.4,N/A,0.4,0.4,0.4
06/09/2016,0.4,N/A,0.4,0.4,0.4
06/08/2016,0.4,N/A,0.4,0.4,0.4
06/07/2016,0.4,N/A,0.4,0.4,0.4
06/06/2016,0.4,N/A,0.4,0.4,0.4
06/03/2016,0.4,N/A,0.4,0.4,0.4
06/02/2016,0.4,N/A,0.4,0.4,0.4
06/01/2016,0.4,N/A,0.4,0.4,0.4
05/31/2016,0.4,N/A,0.4,0.4,0.4
05/30/2016,0.4,N/A,0.4,0.4,0.4
05/27/2016,0.4,N/A,0.4,0.4,0.4
05/26/2016,0.4,N/A,0.4,0.4,0.4
05/25/2016,0.4,N/A,0.4,0.4,0.4
05/24/2016,0.4,N/A,0.4,0.4,0.4
05/23/2016,0.4,N/A,0.4,0.4,0.4
05/20/2016,0.4,N/A,0.4,0.4,0.4
05/19/2016,0.4,N/A,0.4,0.4,0.4
05/18/2016,0.4,N/A,0.4,0.4,0.4
05/17/2016,0.4,N/A,0.4,0.4,0.4
05/16/2016,0.1,N/A,0.1,0.1,0.1
05/13/2016,0.1,N/A,0.1,0.1,0.1
05/12/2016,0.1,N/A,0.1,0.1,0.1
05/11/2016,0.1,N/A,0.1,0.1,0.1
05/10/2016,0.1,N/A,0.1,0.1,0.1
05/09/2016,0.1,N/A,0.1,0.1,0.1
05/06/2016,0.1,N/A,0.1,0.1,0.1
05/05/2016,0.1,N/A,0.1,0.1,0.1
05/04/2016,0.1,N/A,0.1,0.1,0.1
05/03/2016,0.1,N/A,0.1,0.1,0.1
05/02/2016,0.1,N/A,0.1,0.1,0.1
04/29/2016,0.1,N/A,0.1,0.1,0.1
04/28/2016,0.1,N/A,0.1,0.1,0.1
04/27/2016,0.1,N/A,0.1,0.1,0.1
04/26/2016,0.1,N/A,0.1,0.1,0.1
04/25/2016,0.1,N/A,0.1,0.1,0.1
04/22/2016,0.1,N/A,0.1,0.1,0.1
04/21/2016,0.1,N/A,0.1,0.1,0.1
04/20/2016,0.1,N/A,0.1,0.1,0.1
04/19/2016,0.1,N/A,0.1,0.1,0.1
04/18/2016,0.1,N/A,0.1,0.1,0.1
04/15/2016,0.1,N/A,0.1,0.1,0.1
04/14/2016,0.1,N/A,0.1,0.1,0.1
04/13/2016,-0.2,N/A,-0.2,-0.2,-0.2
04/12/2016,-0.2,N/A,-0.2,-0.2,-0.2
04/11/2016,-0.2,N/A,-0.2,-0.2,-0.2
04/08/2016,-0.2,N/A,-0.2,-0.2,-0.2
04/07/2016,-0.2,N/A,-0.2,-0.2,-0.2
04/06/2016,-0.2,N/A,-0.2,-0.2,-0.2
04/05/2016,-0.2,N/A,-0.2,-0.2,-0.2
04/04/2016,-0.2,N/A,-0.2,-0.2,-0.2
04/01/2016,-0.2,N/A,-0.2,-0.2,-0.2
03/31/2016,-0.2,N/A,-0.2,-0.2,-0.2
03/30/2016,-0.2,N/A,-0.2,-0.2,-0.2
03/29/2016,-0.2,N/A,-0.2,-0.2,-0.2
03/28/2016,-0.2,N/A,-0.2,-0.2,-0.2
03/25/2016,-0.2,N/A,-0.2,-0.2,-0.2
03/24/2016,-0.2,N/A,-0.2,-0.2,-0.2
03/23/2016,-0.2,N/A,-0.2,-0.2,-0.2
03/22/2016,-0.2,N/A,-0.2,-0.2,-0.2
03/21/2016,-0.2,N/A,-0.2,-0.2,-0.2
03/18/2016,-0.2,N/A,-0.2,-0.2,-0.2
03/17/2016,-0.2,N/A,-0.2,-0.2,-0.2
03/16/2016,-0.2,N/A,-0.2,-0.2,-0.2
03/15/2016,-0.1,N/A,-0.1,-0.1,-0.1
03/14/2016,-0.1,N/A,-0.1,-0.1,-0.1
03/11/2016,-0.1,N/A,-0.1,-0.1,-0.1
03/10/2016,-0.1,N/A,-0.1,-0.1,-0.1
03/09/2016,-0.1,N/A,-0.1,-0.1,-0.1
03/08/2016,-0.1,N/A,-0.1,-0.1,-0.1
03/07/2016,-0.1,N/A,-0.1,-0.1,-0.1
03/04/2016,-0.1,N/A,-0.1,-0.1,-0.1
03/03/2016,-0.1,N/A,-0.1,-0.1,-0.1
03/02/2016,-0.1,N/A,-0.1,-0.1,-0.1
03/01/2016,-0.1,N/A,-0.1,-0.1,-0.1
02/29/2016,-0.1,N/A,-0.1,-0.1,-0.1
02/26/2016,-0.1,N/A,-0.1,-0.1,-0.1
02/25/2016,-0.1,N/A,-0.1,-0.1,-0.1
02/24/2016,-0.1,N/A,-0.1,-0.1,-0.1
02/23/2016,-0.1,N/A,-0.1,-0.1,-0.1
02/22/2016,-0.1,N/A,-0.1,-0.1,-0.1
02/19/2016,-0.1,N/A,-0.1,-0.1,-0.1
02/18/2016,-0.1,N/A,-0.1,-0.1,-0.1
02/17/2016,-0.1,N/A,-0.1,-0.1,-0.1
02/16/2016,-0.1,N/A,-0.1,-0.1,-0.1
02/15/2016,-0.1,N/A,-0.1,-0.1,-0.1
02/12/2016,-0.1,N/A,-0.1,-0.1,-0.1
02/11/2016,-0.1,N/A,-0.1,-0.1,-0.1
02/10/2016,-0.1,N/A,-0.1,-0.1,-0.1
02/09/2016,-0.1,N/A,-0.1,-0.1,-0.1
02/08/2016,-0.1,N/A,-0.1,-0.1,-0.1
02/05/2016,-0.1,N/A,-0.1,-0.1,-0.1
02/04/2016,-0.1,N/A,-0.1,-0.1,-0.1
02/03/2016,-0.1,N/A,-0.1,-0.1,-0.1
02/02/2016,-0.1,N/A,-0.1,-0.1,-0.1
02/01/2016,-0.1,N/A,-0.1,-0.1,-0.1
01/29/2016,-0.1,N/A,-0.1,-0.1,-0.1
01/28/2016,-0.1,N/A,-0.1,-0.1,-0.1
01/27/2016,-0.1,N/A,-0.1,-0.1,-0.1
01/26/2016,-0.1,N/A,-0.1,-0.1,-0.1
01/25/2016,-0.1,N/A,-0.1,-0.1,-0.1
01/22/2016,-0.1,N/A,-0.1,-0.1,-0.1
01/21/2016,-0.1,N/A,-0.1,-0.1,-0.1
01/20/2016,-0.1,N/A,-0.1,-0.1,-0.1
01/19/2016,0.2,N/A,0.2,0.2,0.2
01/18/2016,0.2,N/A,0.2,0.2,0.2
01/15/2016,0.2,N/A,0.2,0.2,0.2
01/14/2016,0.2,N/A,0.2,0.2,0.2
01/13/2016,0.2,N/A,0.2,0.2,0.2
01/12/2016,0.2,N/A,0.2,0.2,0.2
01/11/2016,0.2,N/A,0.2,0.2,0.2
01/08/2016,0.2,N/A,0.2,0.2,0.2
01/07/2016,0.2,N/A,0.2,0.2,0.2
01/06/2016,0.2,N/A,0.2,0.2,0.2
01/05/2016,0.2,N/A,0.2,0.2,0.2
01/04/2016,0.2,N/A,0.2,0.2,0.2
01/01/2016,0.2,N/A,0.2,0.2,0.2
12/31/2015,0.2,N/A,0.2,0.2,0.2
12/30/2015,0.2,N/A,0.2,0.2,0.2
12/29/2015,0.2,N/A,0.2,0.2,0.2
12/28/2015,0.2,N/A,0.2,0.2,0.2
12/25/2015,0.2,N/A,0.2,0.2,0.2
12/24/2015,0.2,N/A,0.2,0.2,0.2
12/23/2015,0.2,N/A,0.2,0.2,0.2
12/22/2015,0.2,N/A,0.2,0.2,0.2
12/21/2015,0.2,N/A,0.2,0.2,0.2
12/18/2015,0.2,N/A,0.2,0.2,0.2
12/17/2015,0.2,N/A,0.2,0.2,0.2
12/16/2015,0.2,N/A,0.2,0.2,0.2
12/15/2015,0.2,N/A,0.2,0.2,0.2
12/14/2015,0.2,N/A,0.2,0.2,0.2
12/11/2015,0.2,N/A,0.2,0.2,0.2
12/10/2015,0.2,N/A,0.2,0.2,0.2
12/09/2015,0.2,N/A,0.2,0.2,0.2
12/08/2015,0.2,N/A,0.2,0.2,0.2
12/07/2015,0.2,N/A,0.2,0.2,0.2
12/04/2015,0.2,N/A,0.2,0.2,0.2
12/03/2015,0.2,N/A,0.2,0.2,0.2
12/02/2015,0.2,N/A,0.2,0.2,0.2
12/01/2015,0.2,N/A,0.2,0.2,0.2
11/30/2015,0.2,N/A,0.2,0.2,0.2
11/27/2015,0.2,N/A,0.2,0.2,0.2
11/26/2015,0.2,N/A,0.2,0.2,0.2
11/25/2015,0.2,N/A,0.2,0.2,0.2
11/24/2015,0.2,N/A,0.2,0.2,0.2
11/23/2015,0.2,N/A,0.2,0.2,0.2
11/20/2015,0.2,N/A,0.2,0.2,0.2
11/19/2015,0.2,N/A,0.2,0.2,0.2
11/18/2015,0.2,N/A,0.2,0.2,0.2
11/17/2015,0.2,N/A,0.2,0.2,0.2
11/16/2015,-0.2,N/A,-0.2,-0.2,-0.2
11/13/2015,-0.2,N/A,-0.2,-0.2,-0.2
11/12/2015,-0.2,N/A,-0.2,-0.2,-0.2
11/11/2015,-0.2,N/A,-0.2,-0.2,-0.2
11/10/2015,-0.2,N/A,-0.2,-0.2,-0.2
11/09/2015,-0.2,N/A,-0.2,-0.2,-0.2
11/06/2015,-0.2,N/A,-0.2,-0.2,-0.2
11/05/2015,-0.2,N/A,-0.2,-0.2,-0.2
11/04/2015,-0.2,N/A,-0.2,-0.2,-0.2
11/03/2015,-0.2,N/A,-0.2,-0.2,-0.2
11/02/2015,-0.2,N/A,-0.2,-0.2,-0.2
10/30/2015,-0.2,N/A,-0.2,-0.2,-0.2
10/29/2015,-0.2,N/A,-0.2,-0.2,-0.2
10/28/2015,-0.2,N/A,-0.2,-0.2,-0.2
10/27/2015,-0.2,N/A,-0.2,-0.2,-0.2
10/26/2015,-0.2,N/A,-0.2,-0.2,-0.2
10/23/2015,-0.2,N/A,-0.2,-0.2,-0.2
10/22/2015,-0.2,N/A,-0.2,-0.2,-0.2
10/21/2015,-0.2,N/A,-0.2,-0.2,-0.2
10/20/2015,-0.2,N/A,-0.2,-0.2,-0.2
10/19/2015,-0.2,N/A,-0.2,-0.2,-0.2
10/16/2015,-0.2,N/A,-0.2,-0.2,-0.2
10/15/2015,-0.2,N/A,-0.2,-0.2,-0.2
10/14/2015,-0.1,N/A,-0.1,-0.1,-0.1
10/13/2015,-0.1,N/A,-0.1,-0.1,-0.1
10/12/2015,-0.1,N/A,-0.1,-0.1,-0.1
10/09/2015,-0.1,N/A,-0.1,-0.1,-0.1
10/08/2015,-0.1,N/A,-0.1,-0.1,-0.1
10/07/2015,-0.1,N/A,-0.1,-0.1,-0.1
10/06/2015,-0.1,N/A,-0.1,-0.1,-0.1
10/05/2015,-0.1,N/A,-0.1,-0.1,-0.1
10/02/2015,-0.1,N/A,-0.1,-0.1,-0.1
10/01/2015,-0.1,N/A,-0.1,-0.1,-0.1
09/30/2015,-0.1,N/A,-0.1,-0.1,-0.1
09/29/2015,-0.1,N/A,-0.1,-0.1,-0.1
09/28/2015,-0.1,N/A,-0.1,-0.1,-0.1
09/25/2015,-0.1,N/A,-0.1,-0.1,-0.1
09/24/2015,-0.1,N/A,-0.1,-0.1,-0.1
09/23/2015,-0.1,N/A,-0.1,-0.1,-0.1
09/22/2015,-0.1,N/A,-0.1,-0.1,-0.1
09/21/2015,-0.1,N/A,-0.1,-0.1,-0.1
09/18/2015,-0.1,N/A,-0.1,-0.1,-0.1
09/17/2015,-0.1,N/A,-0.1,-0.1,-0.1
09/16/2015,-0.1,N/A,-0.1,-0.1,-0.1
09/15/2015,0.1,N/A,0.1,0.1,0.1
09/14/2015,0.1,N/A,0.1,0.1,0.1
09/11/2015,0.1,N/A,0.1,0.1,0.1
09/10/2015,0.1,N/A,0.1,0.1,0.1
09/09/2015,0.1,N/A,0.1,0.1,0.1
09/08/2015,0.1,N/A,0.1,0.1,0.1
09/07/2015,0.1,N/A,0.1,0.1,0.1
09/04/2015,0.1,N/A,0.1,0.1,0.1
09/03/2015,0.1,N/A,0.1,0.1,0.1
09/02/2015,0.1,N/A,0.1,0.1,0.1
09/01/2015,0.1,N/A,0.1,0.1,0.1
08/31/2015,0.1,N/A,0.1,0.1,0.1
08/28/2015,0.1,N/A,0.1,0.1,0.1
08/27/2015,0.1,N/A,0.1,0.1,0.1
08/26/2015,0.1,N/A,0.1,0.1,0.1
08/25/2015,0.1,N/A,0.1,0.1,0.1
08/24/2015,0.1,N/A,0.1,0.1,0.1
08/21/2015,0.1,N/A,0.1,0.1,0.1
08/20/2015,0.1,N/A,0.1,0.1,0.1
08/19/2015,0.1,N/A,0.1,0.1,0.1
08/18/2015,0.3,N/A,0.3,0.3,0.3
08/17/2015,0.3,N/A,0.3,0.3,0.3
08/14/2015,0.3,N/A,0.3,0.3,0.3
08/13/2015,0.3,N/A,0.3,0.3,0.3
08/12/2015,0.3,N/A,0.3,0.3,0.3
08/11/2015,0.3,N/A,0.3,0.3,0.3
08/10/2015,0.3,N/A,0.3,0.3,0.3
08/07/2015,0.3,N/A,0.3,0.3,0.3
08/06/2015,0.3,N/A,0.3,0.3,0.3
08/05/2015,0.3,N/A,0.3,0.3,0.3
08/04/2015,0.3,N/A,0.3,0.3,0.3
08/03/2015,0.3,N/A,0.3,0.3,0.3
07/31/2015,0.3,N/A,0.3,0.3,0.3
07/30/2015,0.3,N/A,0.3,0.3,0.3
07/29/2015,0.3,N/A,0.3,0.3,0.3
07/28/2015,0.3,N/A,0.3,0.3,0.3
07/27/2015,0.3,N/A,0.3,0.3,0.3
07/24/2015,0.3,N/A,0.3,0.3,0.3
07/23/2015,0.3,N/A,0.3,0.3,0.3
07/22/2015,0.3,N/A,0.3,0.3,0.3
07/21/2015,0.3,N/A,0.3,0.3,0.3
07/20/2015,0.3,N/A,0.3,0.3,0.3
07/17/2015,0.3,N/A,0.3,0.3,0.3
07/16/2015,0.4,N/A,0.4,0.4,0.4
07/15/2015,0.4,N/A,0.4,0.4,0.4
07/14/2015,0.4,N/A,0.4,0.4,0.4
07/13/2015,0.4,N/A,0.4,0.4,0.4
07/10/2015,0.4,N/A,0.4,0.4,0.4
07/09/2015,0.4,N/A,0.4,0.4,0.4
07/08/2015,0.4,N/A,0.4,0.4,0.4
07/07/2015,0.4,N/A,0.4,0.4,0.4
07/06/2015,0.4,N/A,0.4,0.4,0.4
07/03/2015,0.4,N/A,0.4,0.4,0.4
07/02/2015,0.4,N/A,0.4,0.4,0.4
07/01/2015,0.4,N/A,0.4,0.4,0.4
06/30/2015,0.4,N/A,0.4,0.4,0.4
06/29/2015,0.4,N/A,0.4,0.4,0.4
06/26/2015,0.4,N/A,0.4,0.4,0.4
06/25/2015,0.4,N/A,0.4,0.4,0.4
06/24/2015,0.4,N/A,0.4,0.4,0.4
06/23/2015,0.4,N/A,0.4,0.4,0.4
06/22/2015,0.4,N/A,0.4,0.4,0.4
06/19/2015,0.4,N/A,0.4,0.4,0.4
06/18/2015,0.4,N/A,0.4,0.4,0.4
06/17/2015,0.1,N/A,0.1,0.1,0.1
06/16/2015,0.1,N/A,0.1,0.1,0.1
06/15/2015,0.1,N/A,0.1,0.1,0.1
06/12/2015,0.1,N/A,0.1,0.1,0.1
06/11/2015,0.1,N/A,0.1,0.1,0.1
06/10/2015,0.1,N/A,0.1,0.1,0.1
06/09/2015,0.1,N/A,0.1,0.1,0.1
06/08/2015,0.1,N/A,0.1,0.1,0.1
06/05/2015,0.1,N/A,0.1,0.1,0.1
06/04/2015,0.1,N/A,0.1,0.1,0.1
06/03/2015,0.1,N/A,0.1,0.1,0.1
06/02/2015,0.1,N/A,0.1,0.1,0.1
06/01/2015,0.1,N/A,0.1,0.1,0.1
05/29/2015,0.1,N/A,0.1,0.1,0.1
05/28/2015,0.1,N/A,0.1,0.1,0.1
05/27/2015,0.1,N/A,0.1,0.1,0.1
05/26/2015,0.1,N/A,0.1,0.1,0.1
05/25/2015,0.1,N/A,0.1,0.1,0.1
05/22/2015,0.1,N/A,0.1,0.1,0.1
05/21/2015,0.2,N/A,0.2,0.2,0.2
05/20/2015,0.2,N/A,0.2,0.2,0.2
05/19/2015,0.2,N/A,0.2,0.2,0.2
05/18/2015,0.2,N/A,0.2,0.2,0.2
05/15/2015,0.2,N/A,0.2,0.2,0.2
05/14/2015,0.2,N/A,0.2,0.2,0.2
05/13/2015,0.2,N/A,0.2,0.2,0.2
05/12/2015,0.2,N/A,0.2,0.2,0.2
05/11/2015,0.2,N/A,0.2,0.2,0.2
05/08/2015,0.2,N/A,0.2,0.2,0.2
05/07/2015,0.2,N/A,0.2,0.2,0.2
05/06/2015,0.2,N/A,0.2,0.2,0.2
05/05/2015,0.2,N/A,0.2,0.2,0.2
05/04/2015,0.2,N/A,0.2,0.2,0.2
05/01/2015,0.2,N/A,0.2,0.2,0.2
04/30/2015,0.2,N/A,0.2,0.2,0.2
04/29/2015,0.2,N/A,0.2,0.2,0.2
04/28/2015,0.2,N/A,0.2,0.2,0.2
04/27/2015,0.2,N/A,0.2,0.2,0.2
04/24/2015,0.2,N/A,0.2,0.2,0.2
04/23/2015,0.2,N/A,0.2,0.2,0.2
04/22/2015,0.2,N/A,0.2,0.2,0.2
04/21/2015,0.2,N/A,0.2,0.2,0.2
04/20/2015,0.2,N/A,0.2,0.2,0.2
04/17/2015,0.2,N/A,0.2,0.2,0.2
04/16/2015,0.2,N/A,0.2,0.2,0.2
04/15/2015,0.2,N/A,0.2,0.2,0.2
04/14/2015,0.2,N/A,0.2,0.2,0.2
04/13/2015,0.2,N/A,0.2,0.2,0.2
04/10/2015,0.2,N/A,0.2,0.2,0.2
04/09/2015,0.2,N/A,0.2,0.2,0.2
04/08/2015,0.2,N/A,0.2,0.2,0.2
04/07/2015,0.2,N/A,0.2,0.2,0.2
04/06/2015,0.2,N/A,0.2,0.2,0.2
04/03/2015,0.2,N/A,0.2,0.2,0.2
04/02/2015,0.2,N/A,0.2,0.2,0.2
04/01/2015,0.2,N/A,0.2,0.2,0.2
03/31/2015,0.2,N/A,0.2,0.2,0.2
03/30/2015,0.2,N/A,0.2,0.2,0.2
03/27/2015,0.2,N/A,0.2,0.2,0.2
03/26/2015,0.2,N/A,0.2,0.2,0.2
03/25/2015,0.2,N/A,0.2,0.2,0.2
03/24/2015,0.2,N/A,0.2,0.2,0.2
03/23/2015,-0.7,N/A,-0.7,-0.7,-0.7
03/20/2015,-0.7,N/A,-0.7,-0.7,-0.7
03/19/2015,-0.7,N/A,-0.7,-0.7,-0.7
03/18/2015,-0.7,N/A,-0.7,-0.7,-0.7
03/17/2015,-0.7,N/A,-0.7,-0.7,-0.7
03/16/2015,-0.7,N/A,-0.7,-0.7,-0.7
03/13/2015,-0.7,N/A,-0.7,-0.7,-0.7
03/12/2015,-0.7,N/A,-0.7,-0.7,-0.7
03/11/2015,-0.7,N/A,-0.7,-0.7,-0.7
03/10/2015,-0.7,N/A,-0.7,-0.7,-0.7
03/09/2015,-0.7,N/A,-0.7,-0.7,-0.7
03/06/2015,-0.7,N/A,-0.7,-0.7,-0.7
03/05/2015,-0.7,N/A,-0.7,-0.7,-0.7
03/04/2015,-0.7,N/A,-0.7,-0.7,-0.7
03/03/2015,-0.7,N/A,-0.7,-0.7,-0.7
03/02/2015,-0.7,N/A,-0.7,-0.7,-0.7
02/27/2015,-0.7,N/A,-0.7,-0.7,-0.7
02/26/2015,-0.7,N/A,-0.7,-0.7,-0.7
02/25/2015,-0.3,N/A,-0.3,-0.3,-0.3
02/24/2015,-0.3,N/A,-0.3,-0.3,-0.3
02/23/2015,-0.3,N/A,-0.3,-0.3,-0.3
02/20/2015,-0.3,N/A,-0.3,-0.3,-0.3
02/19/2015,-0.4,N/A,-0.4,-0.4,-0.4
02/18/2015,-0.4,N/A,-0.4,-0.4,-0.4
02/17/2015,-0.4,N/A,-0.4,-0.4,-0.4
02/16/2015,-0.4,N/A,-0.4,-0.4,-0.4
02/13/2015,-0.4,N/A,-0.4,-0.4,-0.4
02/12/2015,-0.4,N/A,-0.4,-0.4,-0.4
02/11/2015,-0.4,N/A,-0.4,-0.4,-0.4
02/10/2015,-0.4,N/A,-0.4,-0.4,-0.4
02/09/2015,-0.4,N/A,-0.4,-0.4,-0.4
02/06/2015,-0.4,N/A,-0.4,-0.4,-0.4
02/05/2015,-0.4,N/A,-0.4,-0.4,-0.4
02/04/2015,-0.4,N/A,-0.4,-0.4,-0.4
02/03/2015,-0.4,N/A,-0.4,-0.4,-0.4
02/02/2015,-0.4,N/A,-0.4,-0.4,-0.4
01/30/2015,-0.4,N/A,-0.4,-0.4,-0.4
01/29/2015,-0.4,N/A,-0.4,-0.4,-0.4
01/28/2015,-0.4,N/A,-0.4,-0.4,-0.4
01/27/2015,-0.4,N/A,-0.4,-0.4,-0.4
01/26/2015,-0.4,N/A,-0.4,-0.4,-0.4
01/23/2015,-0.4,N/A,-0.4,-0.4,-0.4
01/22/2015,-0.4,N/A,-0.4,-0.4,-0.4
01/21/2015,-0.4,N/A,-0.4,-0.4,-0.4
01/20/2015,-0.4,N/A,-0.4,-0.4,-0.4
01/19/2015,-0.4,N/A,-0.4,-0.4,-0.4
01/16/2015,-0.4,N/A,-0.4,-0.4,-0.4
01/15/2015,-0.3,N/A,-0.3,-0.3,-0.3
01/14/2015,-0.3,N/A,-0.3,-0.3,-0.3
01/13/2015,-0.3,N/A,-0.3,-0.3,-0.3
01/12/2015,-0.3,N/A,-0.3,-0.3,-0.3
01/09/2015,-0.3,N/A,-0.3,-0.3,-0.3
01/08/2015,-0.3,N/A,-0.3,-0.3,-0.3
01/07/2015,-0.3,N/A,-0.3,-0.3,-0.3
01/06/2015,-0.3,N/A,-0.3,-0.3,-0.3
01/05/2015,-0.3,N/A,-0.3,-0.3,-0.3
01/02/2015,-0.3,N/A,-0.3,-0.3,-0.3
01/01/2015,-0.3,N/A,-0.3,-0.3,-0.3
12/31/2014,-0.3,N/A,-0.3,-0.3,-0.3
12/30/2014,-0.3,N/A,-0.3,-0.3,-0.3
12/29/2014,-0.3,N/A,-0.3,-0.3,-0.3
12/26/2014,-0.3,N/A,-0.3,-0.3,-0.3
12/25/2014,-0.3,N/A,-0.3,-0.3,-0.3
12/24/2014,-0.3,N/A,-0.3,-0.3,-0.3
12/23/2014,-0.3,N/A,-0.3,-0.3,-0.3
12/22/2014,-0.3,N/A,-0.3,-0.3,-0.3
12/19/2014,-0.3,N/A,-0.3,-0.3,-0.3
12/18/2014,-0.3,N/A,-0.3,-0.3,-0.3
12/17/2014,-0.3,N/A,-0.3,-0.3,-0.3
12/16/2014,0.1,N/A,0.1,0.1,0.1
12/15/2014,0.1,N/A,0.1,0.1,0.1
12/12/2014,0.1,N/A,0.1,0.1,0.1
12/11/2014,0.1,N/A,0.1,0.1,0.1
12/10/2014,0.1,N/A,0.1,0.1,0.1
12/09/2014,0.1,N/A,0.1,0.1,0.1
12/08/2014,0.1,N/A,0.1,0.1,0.1
12/05/2014,0.1,N/A,0.1,0.1,0.1
12/04/2014,0.1,N/A,0.1,0.1,0.1
12/03/2014,0.1,N/A,0.1,0.1,0.1
12/02/2014,0.1,N/A,0.1,0.1,0.1
12/01/2014,0.1,N/A,0.1,0.1,0.1
11/28/2014,0.1,N/A,0.1,0.1,0.1
11/27/2014,0.1,N/A,0.1,0.1,0.1
11/26/2014,0.1,N/A,0.1,0.1,0.1
11/25/2014,0.1,N/A,0.1,0.1,0.1
11/24/2014,0.1,N/A,0.1,0.1,0.1
11/21/2014,0.1,N/A,0.1,0.1,0.1
11/20/2014,0.1,N/A,0.1,0.1,0.1
11/19/2014,0.1,N/A,0.1,0.1,0.1
11/18/2014,0.1,N/A,0.1,0.1,0.1
11/17/2014,0.1,N/A,0.1,0.1,0.1
11/14/2014,0.1,N/A,0.1,0.1,0.1
11/13/2014,0.1,N/A,0.1,0.1,0.1
11/12/2014,0.1,N/A,0.1,0.1,0.1
11/11/2014,0.1,N/A,0.1,0.1,0.1
11/10/2014,0.1,N/A,0.1,0.1,0.1
11/07/2014,0.1,N/A,0.1,0.1,0.1
11/06/2014,0.1,N/A,0.1,0.1,0.1
11/05/2014,0.1,N/A,0.1,0.1,0.1
11/04/2014,0.1,N/A,0.1,0.1,0.1
11/03/2014,0.1,N/A,0.1,0.1,0.1
10/31/2014,0.1,N/A,0.1,0.1,0.1
10/30/2014,0.1,N/A,0.1,0.1,0.1
10/29/2014,0.1,N/A,0.1,0.1,0.1
10/28/2014,0.1,N/A,0.1,0.1,0.1
10/27/2014,0.1,N/A,0.1,0.1,0.1
10/24/2014,0.1,N/A,0.1,0.1,0.1
10/23/2014,0.1,N/A,0.1,0.1,0.1
10/22/2014,0.1,N/A,0.1,0.1,0.1
10/21/2014,-0.2,N/A,-0.2,-0.2,-0.2
10/20/2014,-0.2,N/A,-0.2,-0.2,-0.2
10/17/2014,-0.2,N/A,-0.2,-0.2,-0.2
10/16/2014,-0.2,N/A,-0.2,-0.2,-0.2
10/15/2014,-0.2,N/A,-0.2,-0.2,-0.2
10/14/2014,-0.2,N/A,-0.2,-0.2,-0.2
10/13/2014,-0.2,N/A,-0.2,-0.2,-0.2
10/10/2014,-0.2,N/A,-0.2,-0.2,-0.2
10/09/2014,-0.2,N/A,-0.2,-0.2,-0.2
10/08/2014,-0.2,N/A,-0.2,-0.2,-0.2
10/07/2014,-0.2,N/A,-0.2,-0.2,-0.2
10/06/2014,-0.2,N/A,-0.2,-0.2,-0.2
10/03/2014,-0.2,N/A,-0.2,-0.2,-0.2
10/02/2014,-0.2,N/A,-0.2,-0.2,-0.2
10/01/2014,-0.2,N/A,-0.2,-0.2,-0.2
09/30/2014,-0.2,N/A,-0.2,-0.2,-0.2
09/29/2014,-0.2,N/A,-0.2,-0.2,-0.2
09/26/2014,-0.2,N/A,-0.2,-0.2,-0.2
09/25/2014,-0.2,N/A,-0.2,-0.2,-0.2
09/24/2014,-0.2,N/A,-0.2,-0.2,-0.2
09/23/2014,-0.2,N/A,-0.2,-0.2,-0.2
09/22/2014,-0.2,N/A,-0.2,-0.2,-0.2
09/19/2014,-0.2,N/A,-0.2,-0.2,-0.2
09/18/2014,-0.2,N/A,-0.2,-0.2,-0.2
09/17/2014,-0.2,N/A,-0.2,-0.2,-0.2
09/16/2014,0.1,N/A,0.1,0.1,0.1
09/15/2014,0.1,N/A,0.1,0.1,0.1
09/12/2014,0.1,N/A,0.1,0.1,0.1
09/11/2014,0.1,N/A,0.1,0.1,0.1
09/10/2014,0.1,N/A,0.1,0.1,0.1
09/09/2014,0.1,N/A,0.1,0.1,0.1
09/08/2014,0.1,N/A,0.1,0.1,0.1
09/05/2014,0.1,N/A,0.1,0.1,0.1
09/04/2014,0.1,N/A,0.1,0.1,0.1
09/03/2014,0.1,N/A,0.1,0.1,0.1
09/02/2014,0.1,N/A,0.1,0.1,0.1
09/01/2014,0.1,N/A,0.1,0.1,0.1
08/29/2014,0.1,N/A,0.1,0.1,0.1
08/28/2014,0.1,N/A,0.1,0.1,0.1
08/27/2014,0.1,N/A,0.1,0.1,0.1
08/26/2014,0.1,N/A,0.1,0.1,0.1
08/25/2014,0.1,N/A,0.1,0.1,0.1
08/22/2014,0.1,N/A,0.1,0.1,0.1
08/21/2014,0.1,N/A,0.1,0.1,0.1
08/20/2014,0.1,N/A,0.1,0.1,0.1
08/19/2014,0.1,N/A,0.1,0.1,0.1
08/18/2014,0.3,N/A,0.3,0.3,0.3
08/15/2014,0.3,N/A,0.3,0.3,0.3
08/14/2014,0.3,N/A,0.3,0.3,0.3
08/13/2014,0.3,N/A,0.3,0.3,0.3
08/12/2014,0.3,N/A,0.3,0.3,0.3
08/11/2014,0.3,N/A,0.3,0.3,0.3
08/08/2014,0.3,N/A,0.3,0.3,0.3
08/07/2014,0.3,N/A,0.3,0.3,0.3
08/06/2014,0.3,N/A,0.3,0.3,0.3
08/05/2014,0.3,N/A,0.3,0.3,0.3
08/04/2014,0.3,N/A,0.3,0.3,0.3
08/01/2014,0.3,N/A,0.3,0.3,0.3
07/31/2014,0.3,N/A,0.3,0.3,0.3
07/30/2014,0.3,N/A,0.3,0.3,0.3
07/29/2014,0.3,N/A,0.3,0.3,0.3
07/28/2014,0.3,N/A,0.3,0.3,0.3
07/25/2014,0.3,N/A,0.3,0.3,0.3
07/24/2014,0.3,N/A,0.3,0.3,0.3
07/23/2014,0.3,N/A,0.3,0.3,0.3
07/22/2014,0.3,N/A,0.3,0.3,0.3
07/21/2014,0.4,N/A,0.4,0.4,0.4
07/18/2014,0.4,N/A,0.4,0.4,0.4
07/17/2014,0.4,N/A,0.4,0.4,0.4
07/16/2014,0.4,N/A,0.4,0.4,0.4
07/15/2014,0.4,N/A,0.4,0.4,0.4
07/14/2014,0.4,N/A,0.4,0.4,0.4
07/11/2014,0.4,N/A,0.4,0.4,0.4
07/10/2014,0.4,N/A,0.4,0.4,0.4
07/09/2014,0.4,N/A,0.4,0.4,0.4
07/08/2014,0.4,N/A,0.4,0.4,0.4
07/07/2014,0.4,N/A,0.4,0.4,0.4
07/04/2014,0.4,N/A,0.4,0.4,0.4
07/03/2014,0.4,N/A,0.4,0.4,0.4
07/02/2014,0.4,N/A,0.4,0.4,0.4
07/01/2014,0.4,N/A,0.4,0.4,0.4
06/30/2014,0.4,N/A,0.4,0.4,0.4
06/27/2014,0.4,N/A,0.4,0.4,0.4
06/26/2014,0.4,N/A,0.4,0.4,0.4
06/25/2014,0.4,N/A,0.4,0.4,0.4
06/24/2014,0.4,N/A,0.4,0.4,0.4
06/23/2014,0.4,N/A,0.4,0.4,0.4
06/20/2014,0.4,N/A,0.4,0.4,0.4
06/19/2014,0.4,N/A,0.4,0.4,0.4
06/18/2014,0.4,N/A,0.4,0.4,0.4
06/17/2014,0.4,N/A,0.4,0.4,0.4
06/16/2014,0.3,N/A,0.3,0.3,0.3
06/13/2014,0.3,N/A,0.3,0.3,0.3
06/12/2014,0.3,N/A,0.3,0.3,0.3
06/11/2014,0.3,N/A,0.3,0.3,0.3
06/10/2014,0.3,N/A,0.3,0.3,0.3
06/09/2014,0.3,N/A,0.3,0.3,0.3
06/06/2014,0.3,N/A,0.3,0.3,0.3
06/05/2014,0.3,N/A,0.3,0.3,0.3
06/04/2014,0.3,N/A,0.3,0.3,0.3
06/03/2014,0.3,N/A,0.3,0.3,0.3
06/02/2014,0.3,N/A,0.3,0.3,0.3
05/30/2014,0.3,N/A,0.3,0.3,0.3
05/29/2014,0.3,N/A,0.3,0.3,0.3
05/28/2014,0.3,N/A,0.3,0.3,0.3
05/27/2014,0.3,N/A,0.3,0.3,0.3
05/26/2014,0.3,N/A,0.3,0.3,0.3
05/23/2014,0.3,N/A,0.3,0.3,0.3
05/22/2014,0.3,N/A,0.3,0.3,0.3
05/21/2014,0.3,N/A,0.3,0.3,0.3
05/20/2014,0.3,N/A,0.3,0.3,0.3
05/19/2014,0.3,N/A,0.3,0.3,0.3
05/16/2014,0.3,N/A,0.3,0.3,0.3
05/15/2014,0.3,N/A,0.3,0.3,0.3
05/14/2014,0.2,N/A,0.2,0.2,0.2
05/13/2014,0.2,N/A,0.2,0.2,0.2
05/12/2014,0.2,N/A,0.2,0.2,0.2
05/09/2014,0.2,N/A,0.2,0.2,0.2
05/08/2014,0.2,N/A,0.2,0.2,0.2
05/07/2014,0.2,N/A,0.2,0.2,0.2
05/06/2014,0.2,N/A,0.2,0.2,0.2
05/05/2014,0.2,N/A,0.2,0.2,0.2
05/02/2014,0.2,N/A,0.2,0.2,0.2
05/01/2014,0.2,N/A,0.2,0.2,0.2
04/30/2014,0.2,N/A,0.2,0.2,0.2
04/29/2014,0.2,N/A,0.2,0.2,0.2
04/28/2014,0.2,N/A,0.2,0.2,0.2
04/25/2014,0.2,N/A,0.2,0.2,0.2
04/24/2014,0.2,N/A,0.2,0.2,0.2
04/23/2014,0.2,N/A,0.2,0.2,0.2
04/22/2014,0.2,N/A,0.2,0.2,0.2
04/21/2014,0.2,N/A,0.2,0.2,0.2
04/18/2014,0.2,N/A,0.2,0.2,0.2
04/17/2014,0.2,N/A,0.2,0.2,0.2
04/16/2014,0.2,N/A,0.2,0.2,0.2
04/15/2014,0.2,N/A,0.2,0.2,0.2
04/14/2014,0.1,N/A,0.1,0.1,0.1
04/11/2014,0.1,N/A,0.1,0.1,0.1
04/10/2014,0.1,N/A,0.1,0.1,0.1
04/09/2014,0.1,N/A,0.1,0.1,0.1
04/08/2014,0.1,N/A,0.1,0.1,0.1
04/07/2014,0.1,N/A,0.1,0.1,0.1
04/04/2014,0.1,N/A,0.1,0.1,0.1
04/03/2014,0.1,N/A,0.1,0.1,0.1
04/02/2014,0.1,N/A,0.1,0.1,0.1
04/01/2014,0.1,N/A,0.1,0.1,0.1
03/31/2014,0.1,N/A,0.1,0.1,0.1
03/28/2014,0.1,N/A,0.1,0.1,0.1
03/27/2014,0.1,N/A,0.1,0.1,0.1
03/26/2014,0.1,N/A,0.1,0.1,0.1
03/25/2014,0.1,N/A,0.1,0.1,0.1
03/24/2014,0.1,N/A,0.1,0.1,0.1
03/21/2014,0.1,N/A,0.1,0.1,0.1
03/20/2014,0.1,N/A,0.1,0.1,0.1
03/19/2014,0.1,N/A,0.1,0.1,0.1
03/18/2014,0.1,N/A,0.1,0.1,0.1
03/17/2014,0.1,N/A,0.1,0.1,0.1
03/14/2014,0.1,N/A,0.1,0.1,0.1
03/13/2014,0.1,N/A,0.1,0.1,0.1
03/12/2014,0.1,N/A,0.1,0.1,0.1
03/11/2014,0.1,N/A,0.1,0.1,0.1
03/10/2014,0.1,N/A,0.1,0.1,0.1
03/07/2014,0.1,N/A,0.1,0.1,0.1
03/06/2014,0.1,N/A,0.1,0.1,0.1
03/05/2014,0.1,N/A,0.1,0.1,0.1
03/04/2014,0.1,N/A,0.1,0.1,0.1
03/03/2014,0.1,N/A,0.1,0.1,0.1
02/28/2014,0.1,N/A,0.1,0.1,0.1
02/27/2014,0.1,N/A,0.1,0.1,0.1
02/26/2014,0.1,N/A,0.1,0.1,0.1
02/25/2014,0.1,N/A,0.1,0.1,0.1
02/24/2014,0.1,N/A,0.1,0.1,0.1
02/21/2014,0.1,N/A,0.1,0.1,0.1
02/20/2014,0.1,N/A,0.1,0.1,0.1
02/19/2014,0.2,N/A,0.2,0.2,0.2
02/18/2014,0.2,N/A,0.2,0.2,0.2
02/17/2014,0.3,N/A,0.3,0.3,0.3
02/14/2014,0.3,N/A,0.3,0.3,0.3
02/13/2014,0.3,N/A,0.3,0.3,0.3
02/12/2014,0.3,N/A,0.3,0.3,0.3
02/11/2014,0.3,N/A,0.3,0.3,0.3
02/10/2014,0.3,N/A,0.3,0.3,0.3
02/07/2014,0.3,N/A,0.3,0.3,0.3
02/06/2014,0.3,N/A,0.3,0.3,0.3
02/05/2014,0.3,N/A,0.3,0.3,0.3
02/04/2014,0.3,N/A,0.3,0.3,0.3
02/03/2014,0.3,N/A,0.3,0.3,0.3
01/31/2014,0.3,N/A,0.3,0.3,0.3
01/30/2014,0.3,N/A,0.3,0.3,0.3
01/29/2014,0.3,N/A,0.3,0.3,0.3
01/28/2014,0.3,N/A,0.3,0.3,0.3
01/27/2014,0.3,N/A,0.3,0.3,0.3
01/24/2014,0.3,N/A,0.3,0.3,0.3
01/23/2014,0.3,N/A,0.3,0.3,0.3
01/22/2014,0.3,N/A,0.3,0.3,0.3
01/21/2014,0.3,N/A,0.3,0.3,0.3
01/20/2014,0.3,N/A,0.3,0.3,0.3
01/17/2014,0.3,N/A,0.3,0.3,0.3
01/16/2014,0.3,N/A,0.3,0.3,0.3
01/15/2014,-0.1,N/A,-0.1,-0.1,-0.1
01/14/2014,-0.1,N/A,-0.1,-0.1,-0.1
01/13/2014,-0.1,N/A,-0.1,-0.1,-0.1
01/10/2014,-0.1,N/A,-0.1,-0.1,-0.1
01/09/2014,-0.1,N/A,-0.1,-0.1,-0.1
01/08/2014,-0.1,N/A,-0.1,-0.1,-0.1
01/07/2014,-0.1,N/A,-0.1,-0.1,-0.1
01/06/2014,-0.1,N/A,-0.1,-0.1,-0.1
01/03/2014,-0.1,N/A,-0.1,-0.1,-0.1
01/02/2014,-0.1,N/A,-0.1,-0.1,-0.1
01/01/2014,-0.1,N/A,-0.1,-0.1,-0.1
12/31/2013,-0.1,N/A,-0.1,-0.1,-0.1
12/30/2013,-0.1,N/A,-0.1,-0.1,-0.1
12/27/2013,-0.1,N/A,-0.1,-0.1,-0.1
12/26/2013,-0.1,N/A,-0.1,-0.1,-0.1
12/25/2013,-0.1,N/A,-0.1,-0.1,-0.1
12/24/2013,-0.1,N/A,-0.1,-0.1,-0.1
12/23/2013,-0.1,N/A,-0.1,-0.1,-0.1
12/20/2013,-0.1,N/A,-0.1,-0.1,-0.1
12/19/2013,-0.1,N/A,-0.1,-0.1,-0.1
12/18/2013,-0.1,N/A,-0.1,-0.1,-0.1
12/17/2013,-0.1,N/A,-0.1,-0.1,-0.1
12/16/2013,-0.1,N/A,-0.1,-0.1,-0.1
12/13/2013,-0.1,N/A,-0.1,-0.1,-0.1
12/12/2013,-0.1,N/A,-0.1,-0.1,-0.1
12/11/2013,-0.1,N/A,-0.1,-0.1,-0.1
12/10/2013,-0.1,N/A,-0.1,-0.1,-0.1
12/09/2013,-0.1,N/A,-0.1,-0.1,-0.1
12/06/2013,-0.1,N/A,-0.1,-0.1,-0.1
12/05/2013,-0.1,N/A,-0.1,-0.1,-0.1
12/04/2013,-0.1,N/A,-0.1,-0.1,-0.1
12/03/2013,-0.1,N/A,-0.1,-0.1,-0.1
12/02/2013,-0.1,N/A,-0.1,-0.1,-0.1
11/29/2013,-0.1,N/A,-0.1,-0.1,-0.1
11/28/2013,-0.1,N/A,-0.1,-0.1,-0.1
11/27/2013,-0.1,N/A,-0.1,-0.1,-0.1
11/26/2013,-0.1,N/A,-0.1,-0.1,-0.1
11/25/2013,-0.1,N/A,-0.1,-0.1,-0.1
11/22/2013,-0.1,N/A,-0.1,-0.1,-0.1
11/21/2013,-0.1,N/A,-0.1,-0.1,-0.1
11/20/2013,-0.1,N/A,-0.1,-0.1,-0.1
11/19/2013,0.2,N/A,0.2,0.2,0.2
11/18/2013,0.2,N/A,0.2,0.2,0.2
11/15/2013,0.2,N/A,0.2,0.2,0.2
11/14/2013,0.2,N/A,0.2,0.2,0.2
11/13/2013,0.2,N/A,0.2,0.2,0.2
11/12/2013,0.2,N/A,0.2,0.2,0.2
11/11/2013,0.2,N/A,0.2,0.2,0.2
11/08/2013,0.2,N/A,0.2,0.2,0.2
11/07/2013,0.2,N/A,0.2,0.2,0.2
11/06/2013,0.2,N/A,0.2,0.2,0.2
11/05/2013,0.2,N/A,0.2,0.2,0.2
11/04/2013,0.2,N/A,0.2,0.2,0.2
11/01/2013,0.2,N/A,0.2,0.2,0.2
10/31/2013,0.2,N/A,0.2,0.2,0.2
10/30/2013,0.2,N/A,0.2,0.2,0.2
10/29/2013,0.1,N/A,0.1,0.1,0.1
10/28/2013,0.1,N/A,0.1,0.1,0.1
10/25/2013,0.1,N/A,0.1,0.1,0.1
10/24/2013,0.1,N/A,0.1,0.1,0.1
10/23/2013,0.1,N/A,0.1,0.1,0.1
10/22/2013,0.1,N/A,0.1,0.1,0.1
10/21/2013,0.1,N/A,0.1,0.1,0.1
10/18/2013,0.1,N/A,0.1,0.1,0.1
10/17/2013,0.1,N/A,0.1,0.1,0.1
10/16/2013,0.1,N/A,0.1,0.1,0.1
10/15/2013,0.1,N/A,0.1,0.1,0.1
10/14/2013,0.1,N/A,0.1,0.1,0.1
10/11/2013,0.1,N/A,0.1,0.1,0.1
10/10/2013,0.1,N/A,0.1,0.1,0.1
10/09/2013,0.1,N/A,0.1,0.1,0.1
10/08/2013,0.1,N/A,0.1,0.1,0.1
10/07/2013,0.1,N/A,0.1,0.1,0.1
10/04/2013,0.1,N/A,0.1,0.1,0.1
10/03/2013,0.1,N/A,0.1,0.1,0.1
10/02/2013,0.1,N/A,0.1,0.1,0.1
10/01/2013,0.1,N/A,0.1,0.1,0.1
09/30/2013,0.1,N/A,0.1,0.1,0.1
09/27/2013,0.1,N/A,0.1,0.1,0.1
09/26/2013,0.1,N/A,0.1,0.1,0.1
09/25/2013,0.1,N/A,0.1,0.1,0.1
09/24/2013,0.1,N/A,0.1,0.1,0.1
09/23/2013,0.1,N/A,0.1,0.1,0.1
09/20/2013,0.1,N/A,0.1,0.1,0.1
09/19/2013,0.1,N/A,0.1,0.1,0.1
09/18/2013,0.1,N/A,0.1,0.1,0.1
09/17/2013,0.1,N/A,0.1,0.1,0.1
09/16/2013,0.2,N/A,0.2,0.2,0.2
09/13/2013,0.2,N/A,0.2,0.2,0.2
09/12/2013,0.2,N/A,0.2,0.2,0.2
09/11/2013,0.2,N/A,0.2,0.2,0.2
09/10/2013,0.2,N/A,0.2,0.2,0.2
09/09/2013,0.2,N/A,0.2,0.2,0.2
09/06/2013,0.2,N/A,0.2,0.2,0.2
09/05/2013,0.2,N/A,0.2,0.2,0.2
09/04/2013,0.2,N/A,0.2,0.2,0.2
09/03/2013,0.2,N/A,0.2,0.2,0.2
09/02/2013,0.2,N/A,0.2,0.2,0.2
08/30/2013,0.2,N/A,0.2,0.2,0.2
08/29/2013,0.2,N/A,0.2,0.2,0.2
08/28/2013,0.2,N/A,0.2,0.2,0.2
08/27/2013,0.2,N/A,0.2,0.2,0.2
08/26/2013,0.2,N/A,0.2,0.2,0.2
08/23/2013,0.2,N/A,0.2,0.2,0.2
08/22/2013,0.2,N/A,0.2,0.2,0.2
08/21/2013,0.2,N/A,0.2,0.2,0.2
08/20/2013,0.2,N/A,0.2,0.2,0.2
08/19/2013,0.2,N/A,0.2,0.2,0.2
08/16/2013,0.2,N/A,0.2,0.2,0.2
08/15/2013,0.2,N/A,0.2,0.2,0.2
08/14/2013,0.5,N/A,0.5,0.5,0.5
08/13/2013,0.5,N/A,0.5,0.5,0.5
08/12/2013,0.5,N/A,0.5,0.5,0.5
08/09/2013,0.5,N/A,0.5,0.5,0.5
08/08/2013,0.5,N/A,0.5,0.5,0.5
08/07/2013,0.5,N/A,0.5,0.5,0.5
08/06/2013,0.5,N/A,0.5,0.5,0.5
08/05/2013,0.5,N/A,0.5,0.5,0.5
08/02/2013,0.5,N/A,0.5,0.5,0.5
08/01/2013,0.5,N/A,0.5,0.5,0.5
07/31/2013,0.5,N/A,0.5,0.5,0.5
07/30/2013,0.5,N/A,0.5,0.5,0.5
07/29/2013,0.5,N/A,0.5,0.5,0.5
07/26/2013,0.5,N/A,0.5,0.5,0.5
07/25/2013,0.5,N/A,0.5,0.5,0.5
07/24/2013,0.5,N/A,0.5,0.5,0.5
07/23/2013,0.5,N/A,0.5,0.5,0.5
07/22/2013,0.5,N/A,0.5,0.5,0.5
07/19/2013,0.5,N/A,0.5,0.5,0.5
07/18/2013,0.5,N/A,0.5,0.5,0.5
07/17/2013,0.5,N/A,0.5,0.5,0.5
07/16/2013,0.5,N/A,0.5,0.5,0.5
07/15/2013,0.1,N/A,0.1,0.1,0.1
07/12/2013,0.1,N/A,0.1,0.1,0.1
07/11/2013,0.1,N/A,0.1,0.1,0.1
07/10/2013,0.1,N/A,0.1,0.1,0.1
07/09/2013,0.1,N/A,0.1,0.1,0.1
07/08/2013,0.1,N/A,0.1,0.1,0.1
07/05/2013,0.1,N/A,0.1,0.1,0.1
07/04/2013,0.1,N/A,0.1,0.1,0.1
07/03/2013,0.1,N/A,0.1,0.1,0.1
07/02/2013,0.1,N/A,0.1,0.1,0.1
07/01/2013,0.1,N/A,0.1,0.1,0.1
06/28/2013,0.1,N/A,0.1,0.1,0.1
06/27/2013,0.1,N/A,0.1,0.1,0.1
06/26/2013,0.1,N/A,0.1,0.1,0.1
06/25/2013,0.1,N/A,0.1,0.1,0.1
06/24/2013,0.1,N/A,0.1,0.1,0.1
06/21/2013,0.1,N/A,0.1,0.1,0.1
06/20/2013,0.1,N/A,0.1,0.1,0.1
06/19/2013,0.1,N/A,0.1,0.1,0.1
06/18/2013,0.1,N/A,0.1,0.1,0.1
06/17/2013,-0.4,N/A,-0.4,-0.4,-0.4
06/14/2013,-0.4,N/A,-0.4,-0.4,-0.4
06/13/2013,-0.4,N/A,-0.4,-0.4,-0.4
06/12/2013,-0.4,N/A,-0.4,-0.4,-0.4
06/11/2013,-0.4,N/A,-0.4,-0.4,-0.4
06/10/2013,-0.4,N/A,-0.4,-0.4,-0.4
06/07/2013,-0.4,N/A,-0.4,-0.4,-0.4
06/06/2013,-0.4,N/A,-0.4,-0.4,-0.4
06/05/2013,-0.4,N/A,-0.4,-0.4,-0.4
06/04/2013,-0.4,N/A,-0.4,-0.4,-0.4
06/03/2013,-0.4,N/A,-0.4,-0.4,-0.4
05/31/2013,-0.4,N/A,-0.4,-0.4,-0.4
05/30/2013,-0.4,N/A,-0.4,-0.4,-0.4
05/29/2013,-0.4,N/A,-0.4,-0.4,-0.4
05/28/2013,-0.4,N/A,-0.4,-0.4,-0.4
05/27/2013,-0.4,N/A,-0.4,-0.4,-0.4
05/24/2013,-0.4,N/A,-0.4,-0.4,-0.4
05/23/2013,-0.4,N/A,-0.4,-0.4,-0.4
05/22/2013,-0.4,N/A,-0.4,-0.4,-0.4
05/21/2013,-0.4,N/A,-0.4,-0.4,-0.4
05/20/2013,-0.4,N/A,-0.4,-0.4,-0.4
05/17/2013,-0.4,N/A,-0.4,-0.4,-0.4
05/16/2013,-0.4,N/A,-0.4,-0.4,-0.4
05/15/2013,-0.2,N/A,-0.2,-0.2,-0.2
05/14/2013,-0.2,N/A,-0.2,-0.2,-0.2
05/13/2013,-0.2,N/A,-0.2,-0.2,-0.2
05/10/2013,-0.2,N/A,-0.2,-0.2,-0.2
05/09/2013,-0.2,N/A,-0.2,-0.2,-0.2
05/08/2013,-0.2,N/A,-0.2,-0.2,-0.2
05/07/2013,-0.2,N/A,-0.2,-0.2,-0.2
05/06/2013,-0.2,N/A,-0.2,-0.2,-0.2
05/03/2013,-0.2,N/A,-0.2,-0.2,-0.2
05/02/2013,-0.2,N/A,-0.2,-0.2,-0.2
05/01/2013,-0.2,N/A,-0.2,-0.2,-0.2
04/30/2013,-0.2,N/A,-0.2,-0.2,-0.2
04/29/2013,-0.2,N/A,-0.2,-0.2,-0.2
04/26/2013,-0.2,N/A,-0.2,-0.2,-0.2
04/25/2013,-0.2,N/A,-0.2,-0.2,-0.2
04/24/2013,-0.2,N/A,-0.2,-0.2,-0.2
04/23/2013,-0.2,N/A,-0.2,-0.2,-0.2
04/22/2013,-0.2,N/A,-0.2,-0.2,-0.2
04/19/2013,-0.2,N/A,-0.2,-0.2,-0.2
04/18/2013,-0.2,N/A,-0.2,-0.2,-0.2
04/17/2013,-0.2,N/A,-0.2,-0.2,-0.2
04/16/2013,-0.2,N/A,-0.2,-0.2,-0.2
04/15/2013,0.7,N/A,0.7,0.7,0.7
04/12/2013,0.7,N/A,0.7,0.7,0.7
04/11/2013,0.7,N/A,0.7,0.7,0.7
04/10/2013,0.7,N/A,0.7,0.7,0.7
04/09/2013,0.7,N/A,0.7,0.7,0.7
04/08/2013,0.7,N/A,0.7,0.7,0.7
04/05/2013,0.7,N/A,0.7,0.7,0.7
04/04/2013,0.7,N/A,0.7,0.7,0.7
04/03/2013,0.7,N/A,0.7,0.7,0.7
04/02/2013,0.7,N/A,0.7,0.7,0.7
04/01/2013,0.7,N/A,0.7,0.7,0.7
03/29/2013,0.7,N/A,0.7,0.7,0.7
03/28/2013,0.7,N/A,0.7,0.7,0.7
03/27/2013,0.7,N/A,0.7,0.7,0.7
03/26/2013,0.7,N/A,0.7,0.7,0.7
03/25/2013,0.7,N/A,0.7,0.7,0.7
03/22/2013,0.7,N/A,0.7,0.7,0.7
03/21/2013,0.7,N/A,0.7,0.7,0.7
03/20/2013,0.7,N/A,0.7,0.7,0.7
03/19/2013,0.7,N/A,0.7,0.7,0.7
03/18/2013,0.7,N/A,0.7,0.7,0.7
03/15/2013,0.7,N/A,0.7,0.7,0.7
03/14/2013,-0.3,N/A,-0.3,-0.3,-0.3
03/13/2013,-0.3,N/A,-0.3,-0.3,-0.3
03/12/2013,-0.3,N/A,-0.3,-0.3,-0.3
03/11/2013,-0.3,N/A,-0.3,-0.3,-0.3
03/08/2013,-0.3,N/A,-0.3,-0.3,-0.3
03/07/2013,-0.3,N/A,-0.3,-0.3,-0.3
03/06/2013,-0.3,N/A,-0.3,-0.3,-0.3
03/05/2013,-0.3,N/A,-0.3,-0.3,-0.3
03/04/2013,-0.3,N/A,-0.3,-0.3,-0.3
03/01/2013,-0.3,N/A,-0.3,-0.3,-0.3
02/28/2013,-0.3,N/A,-0.3,-0.3,-0.3
02/27/2013,-0.3,N/A,-0.3,-0.3,-0.3
02/26/2013,-0.3,N/A,-0.3,-0.3,-0.3
02/25/2013,-0.3,N/A,-0.3,-0.3,-0.3
02/22/2013,-0.3,N/A,-0.3,-0.3,-0.3
02/21/2013,-0.3,N/A,-0.3,-0.3,-0.3
02/20/2013,-0.3,N/A,-0.3,-0.3,-0.3
02/19/2013,-0.3,N/A,-0.3,-0.3,-0.3
02/18/2013,-0.3,N/A,-0.3,-0.3,-0.3
02/15/2013,-0.3,N/A,-0.3,-0.3,-0.3
02/14/2013,-0.3,N/A,-0.3,-0.3,-0.3
02/13/2013,-0.3,N/A,-0.3,-0.3,-0.3
02/12/2013,-0.3,N/A,-0.3,-0.3,-0.3
02/11/2013,-0.3,N/A,-0.3,-0.3,-0.3
02/08/2013,-0.3,N/A,-0.3,-0.3,-0.3
02/07/2013,-0.3,N/A,-0.3,-0.3,-0.3
02/06/2013,-0.3,N/A,-0.3,-0.3,-0.3
02/05/2013,-0.3,N/A,-0.3,-0.3,-0.3
02/04/2013,-0.3,N/A,-0.3,-0.3,-0.3
02/01/2013,-0.3,N/A,-0.3,-0.3,-0.3
01/31/2013,-0.3,N/A,-0.3,-0.3,-0.3
01/30/2013,-0.3,N/A,-0.3,-0.3,-0.3
01/29/2013,-0.3,N/A,-0.3,-0.3,-0.3
01/28/2013,-0.3,N/A,-0.3,-0.3,-0.3
01/25/2013,-0.3,N/A,-0.3,-0.3,-0.3
01/24/2013,-0.3,N/A,-0.3,-0.3,-0.3
01/23/2013,-0.3,N/A,-0.3,-0.3,-0.3
01/22/2013,-0.3,N/A,-0.3,-0.3,-0.3
01/21/2013,-0.3,N/A,-0.3,-0.3,-0.3
01/18/2013,-0.3,N/A,-0.3,-0.3,-0.3
01/17/2013,-0.3,N/A,-0.3,-0.3,-0.3
01/16/2013,-0.3,N/A,-0.3,-0.3,-0.3
01/15/2013,-0.3,N/A,-0.3,-0.3,-0.3
01/14/2013,-0.3,N/A,-0.3,-0.3,-0.3
01/11/2013,-0.3,N/A,-0.3,-0.3,-0.3
01/10/2013,-0.3,N/A,-0.3,-0.3,-0.3
01/09/2013,-0.3,N/A,-0.3,-0.3,-0.3
01/08/2013,-0.3,N/A,-0.3,-0.3,-0.3
01/07/2013,-0.3,N/A,-0.3,-0.3,-0.3
01/04/2013,-0.3,N/A,-0.3,-0.3,-0.3
01/03/2013,-0.3,N/A,-0.3,-0.3,-0.3
01/02/2013,-0.3,N/A,-0.3,-0.3,-0.3
01/01/2013,-0.3,N/A,-0.3,-0.3,-0.3
12/31/2012,-0.3,N/A,-0.3,-0.3,-0.3
12/28/2012,-0.3,N/A,-0.3,-0.3,-0.3
12/27/2012,-0.3,N/A,-0.3,-0.3,-0.3
12/26/2012,-0.3,N/A,-0.3,-0.3,-0.3
12/25/2012,-0.3,N/A,-0.3,-0.3,-0.3
12/24/2012,-0.3,N/A,-0.3,-0.3,-0.3
12/21/2012,-0.3,N/A,-0.3,-0.3,-0.3
12/20/2012,-0.3,N/A,-0.3,-0.3,-0.3
12/19/2012,-0.3,N/A,-0.3,-0.3,-0.3
12/18/2012,-0.3,N/A,-0.3,-0.3,-0.3
12/17/2012,-0.3,N/A,-0.3,-0.3,-0.3
12/14/2012,-0.3,N/A,-0.3,-0.3,-0.3
12/13/2012,0.1,N/A,0.1,0.1,0.1
12/12/2012,0.1,N/A,0.1,0.1,0.1
12/11/2012,0.1,N/A,0.1,0.1,0.1
12/10/2012,0.1,N/A,0.1,0.1,0.1
12/07/2012,0.1,N/A,0.1,0.1,0.1
12/06/2012,0.1,N/A,0.1,0.1,0.1
12/05/2012,0.1,N/A,0.1,0.1,0.1
12/04/2012,0.1,N/A,0.1,0.1,0.1
12/03/2012,0.1,N/A,0.1,0.1,0.1
11/30/2012,0.1,N/A,0.1,0.1,0.1
11/29/2012,0.1,N/A,0.1,0.1,0.1
11/28/2012,0.1,N/A,0.1,0.1,0.1
11/27/2012,0.1,N/A,0.1,0.1,0.1
11/26/2012,0.1,N/A,0.1,0.1,0.1
11/23/2012,0.1,N/A,0.1,0.1,0.1
11/22/2012,0.1,N/A,0.1,0.1,0.1
11/21/2012,0.1,N/A,0.1,0.1,0.1
11/20/2012,0.1,N/A,0.1,0.1,0.1
11/19/2012,0.1,N/A,0.1,0.1,0.1
11/16/2012,0.1,N/A,0.1,0.1,0.1
11/15/2012,0.1,N/A,0.1,0.1,0.1
11/14/2012,0.6,N/A,0.6,0.6,0.6
11/13/2012,0.6,N/A,0.6,0.6,0.6
11/12/2012,0.6,N/A,0.6,0.6,0.6
11/09/2012,0.6,N/A,0.6,0.6,0.6
11/08/2012,0.6,N/A,0.6,0.6,0.6
11/07/2012,0.6,N/A,0.6,0.6,0.6
11/06/2012,0.6,N/A,0.6,0.6,0.6
11/05/2012,0.6,N/A,0.6,0.6,0.6
11/02/2012,0.6,N/A,0.6,0.6,0.6
11/01/2012,0.6,N/A,0.6,0.6,0.6
10/31/2012,0.6,N/A,0.6,0.6,0.6
10/30/2012,0.6,N/A,0.6,0.6,0.6
10/29/2012,0.6,N/A,0.6,0.6,0.6
10/26/2012,0.6,N/A,0.6,0.6,0.6
10/25/2012,0.6,N/A,0.6,0.6,0.6
10/24/2012,0.6,N/A,0.6,0.6,0.6
10/23/2012,0.6,N/A,0.6,0.6,0.6
10/22/2012,0.6,N/A,0.6,0.6,0.6
10/19/2012,0.6,N/A,0.6,0.6,0.6
10/18/2012,0.6,N/A,0.6,0.6,0.6
10/17/2012,0.6,N/A,0.6,0.6,0.6
10/16/2012,0.6,N/A,0.6,0.6,0.6
10/15/2012,0.6,N/A,0.6,0.6,0.6
10/12/2012,0.6,N/A,0.6,0.6,0.6
10/11/2012,0.6,N/A,0.6,0.6,0.6
10/10/2012,0.6,N/A,0.6,0.6,0.6
10/09/2012,0.6,N/A,0.6,0.6,0.6
10/08/2012,0.6,N/A,0.6,0.6,0.6
10/05/2012,0.6,N/A,0.6,0.6,0.6
10/04/2012,0.6,N/A,0.6,0.6,0.6
10/03/2012,0.6,N/A,0.6,0.6,0.6
10/02/2012,0.6,N/A,0.6,0.6,0.6
10/01/2012,0.6,N/A,0.6,0.6,0.6
09/28/2012,0.6,N/A,0.6,0.6,0.6
09/27/2012,0.6,N/A,0.6,0.6,0.6
09/26/2012,0.6,N/A,0.6,0.6,0.6
09/25/2012,0.6,N/A,0.6,0.6,0.6
09/24/2012,0.6,N/A,0.6,0.6,0.6
09/21/2012,0.6,N/A,0.6,0.6,0.6
09/20/2012,0.6,N/A,0.6,0.6,0.6
09/19/2012,0.6,N/A,0.6,0.6,0.6
09/18/2012,0.6,N/A,0.6,0.6,0.6
09/17/2012,0.6,N/A,0.6,0.6,0.6
09/14/2012,0.6,N/A,0.6,0.6,0.6
09/13/2012,-0.3,N/A,-0.3,-0.3,-0.3
09/12/2012,-0.3,N/A,-0.3,-0.3,-0.3
09/11/2012,-0.3,N/A,-0.3,-0.3,-0.3
09/10/2012,-0.3,N/A,-0.3,-0.3,-0.3
09/07/2012,-0.3,N/A,-0.3,-0.3,-0.3
09/06/2012,-0.3,N/A,-0.3,-0.3,-0.3
09/05/2012,-0.3,N/A,-0.3,-0.3,-0.3
09/04/2012,-0.3,N/A,-0.3,-0.3,-0.3
09/03/2012,-0.3,N/A,-0.3,-0.3,-0.3
08/31/2012,-0.3,N/A,-0.3,-0.3,-0.3
08/30/2012,-0.3,N/A,-0.3,-0.3,-0.3
08/29/2012,-0.3,N/A,-0.3,-0.3,-0.3
08/28/2012,-0.3,N/A,-0.3,-0.3,-0.3
08/27/2012,-0.3,N/A,-0.3,-0.3,-0.3
08/24/2012,-0.3,N/A,-0.3,-0.3,-0.3
08/23/2012,-0.3,N/A,-0.3,-0.3,-0.3
08/22/2012,-0.3,N/A,-0.3,-0.3,-0.3
08/21/2012,-0.3,N/A,-0.3,-0.3,-0.3
08/20/2012,-0.3,N/A,-0.3,-0.3,-0.3
08/17/2012,-0.3,N/A,-0.3,-0.3,-0.3
08/16/2012,-0.3,N/A,-0.3,-0.3,-0.3
08/15/2012,-0.3,N/A,-0.3,-0.3,-0.3
08/14/2012,-0.3,N/A,-0.3,-0.3,-0.3
08/13/2012,-0.3,N/A,-0.3,-0.3,-0.3
08/10/2012,-0.3,N/A,-0.3,-0.3,-0.3
08/09/2012,-0.3,N/A,-0.3,-0.3,-0.3
08/08/2012,-0.3,N/A,-0.3,-0.3,-0.3
08/07/2012,-0.3,N/A,-0.3,-0.3,-0.3
08/06/2012,-0.3,N/A,-0.3,-0.3,-0.3
08/03/2012,-0.3,N/A,-0.3,-0.3,-0.3
08/02/2012,-0.3,N/A,-0.3,-0.3,-0.3
08/01/2012,-0.3,N/A,-0.3,-0.3,-0.3
07/31/2012,-0.3,N/A,-0.3,-0.3,-0.3
07/30/2012,-0.3,N/A,-0.3,-0.3,-0.3
07/27/2012,-0.3,N/A,-0.3,-0.3,-0.3
07/26/2012,-0.3,N/A,-0.3,-0.3,-0.3
07/25/2012,-0.3,N/A,-0.3,-0.3,-0.3
07/24/2012,-0.3,N/A,-0.3,-0.3,-0.3
07/23/2012,-0.3,N/A,-0.3,-0.3,-0.3
07/20/2012,-0.3,N/A,-0.3,-0.3,-0.3
07/19/2012,-0.3,N/A,-0.3,-0.3,-0.3
07/18/2012,-0.3,N/A,-0.3,-0.3,-0.3
07/17/2012,-0.3,N/A,-0.3,-0.3,-0.3
07/16/2012,-0.3,N/A,-0.3,-0.3,-0.3
07/13/2012,-0.3,N/A,-0.3,-0.3,-0.3
07/12/2012,-0.3,N/A,-0.3,-0.3,-0.3
07/11/2012,-0.3,N/A,-0.3,-0.3,-0.3
07/10/2012,-0.3,N/A,-0.3,-0.3,-0.3
07/09/2012,-0.3,N/A,-0.3,-0.3,-0.3
07/06/2012,-0.3,N/A,-0.3,-0.3,-0.3
07/05/2012,-0.3,N/A,-0.3,-0.3,-0.3
07/04/2012,-0.3,N/A,-0.3,-0.3,-0.3
07/03/2012,-0.3,N/A,-0.3,-0.3,-0.3
07/02/2012,-0.3,N/A,-0.3,-0.3,-0.3
06/29/2012,-0.3,N/A,-0.3,-0.3,-0.3
06/28/2012,-0.3,N/A,-0.3,-0.3,-0.3
06/27/2012,-0.3,N/A,-0.3,-0.3,-0.3
06/26/2012,-0.3,N/A,-0.3,-0.3,-0.3
06/25/2012,-0.3,N/A,-0.3,-0.3,-0.3
06/22/2012,-0.3,N/A,-0.3,-0.3,-0.3
06/21/2012,-0.3,N/A,-0.3,-0.3,-0.3
06/20/2012,-0.3,N/A,-0.3,-0.3,-0.3
06/19/2012,-0.3,N/A,-0.3,-0.3,-0.3
06/18/2012,-0.3,N/A,-0.3,-0.3,-0.3
06/15/2012,-0.3,N/A,-0.3,-0.3,-0.3
06/14/2012,-0.3,N/A,-0.3,-0.3,-0.3
06/13/2012,0.3,N/A,0.3,0.3,0.3
06/12/2012,0.3,N/A,0.3,0.3,0.3
06/11/2012,0.3,N/A,0.3,0.3,0.3
06/08/2012,0.3,N/A,0.3,0.3,0.3
06/07/2012,0.3,N/A,0.3,0.3,0.3
06/06/2012,0.3,N/A,0.3,0.3,0.3
06/05/2012,0.3,N/A,0.3,0.3,0.3
06/04/2012,0.3,N/A,0.3,0.3,0.3
06/01/2012,0.3,N/A,0.3,0.3,0.3
05/31/2012,0.3,N/A,0.3,0.3,0.3
05/30/2012,0.3,N/A,0.3,0.3,0.3
05/29/2012,0.3,N/A,0.3,0.3,0.3
05/28/2012,0.3,N/A,0.3,0.3,0.3
05/25/2012,0.3,N/A,0.3,0.3,0.3
05/24/2012,0.3,N/A,0.3,0.3,0.3
05/23/2012,0.3,N/A,0.3,0.3,0.3
05/22/2012,0.3,N/A,0.3,0.3,0.3
05/21/2012,0.3,N/A,0.3,0.3,0.3
05/18/2012,0.3,N/A,0.3,0.3,0.3
05/17/2012,0.3,N/A,0.3,0.3,0.3
05/16/2012,0.3,N/A,0.3,0.3,0.3
05/15/2012,0.3,N/A,0.3,0.3,0.3
05/14/2012,0.3,N/A,0.3,0.3,0.3
05/11/2012,0.3,N/A,0.3,0.3,0.3
05/10/2012,0.3,N/A,0.3,0.3,0.3
05/09/2012,0.3,N/A,0.3,0.3,0.3
05/08/2012,0.3,N/A,0.3,0.3,0.3
05/07/2012,0.3,N/A,0.3,0.3,0.3
05/04/2012,0.3,N/A,0.3,0.3,0.3
05/03/2012,0.3,N/A,0.3,0.3,0.3
05/02/2012,0.3,N/A,0.3,0.3,0.3
05/01/2012,0.3,N/A,0.3,0.3,0.3
04/30/2012,0.3,N/A,0.3,0.3,0.3
04/27/2012,0.3,N/A,0.3,0.3,0.3
04/26/2012,0.3,N/A,0.3,0.3,0.3
04/25/2012,0.3,N/A,0.3,0.3,0.3
04/24/2012,0.3,N/A,0.3,0.3,0.3
04/23/2012,0.3,N/A,0.3,0.3,0.3
04/20/2012,0.3,N/A,0.3,0.3,0.3
04/19/2012,0.3,N/A,0.3,0.3,0.3
04/18/2012,0.3,N/A,0.3,0.3,0.3
04/17/2012,0.3,N/A,0.3,0.3,0.3
04/16/2012,0.3,N/A,0.3,0.3,0.3
04/13/2012,0.3,N/A,0.3,0.3,0.3
04/12/2012,0.4,N/A,0.4,0.4,0.4
04/11/2012,0.4,N/A,0.4,0.4,0.4
04/10/2012,0.4,N/A,0.4,0.4,0.4
04/09/2012,0.4,N/A,0.4,0.4,0.4
04/06/2012,0.4,N/A,0.4,0.4,0.4
04/05/2012,0.4,N/A,0.4,0.4,0.4
04/04/2012,0.4,N/A,0.4,0.4,0.4
04/03/2012,0.4,N/A,0.4,0.4,0.4
04/02/2012,0.4,N/A,0.4,0.4,0.4
03/30/2012,0.4,N/A,0.4,0.4,0.4
03/29/2012,0.4,N/A,0.4,0.4,0.4
03/28/2012,0.4,N/A,0.4,0.4,0.4
03/27/2012,0.4,N/A,0.4,0.4,0.4
03/26/2012,0.4,N/A,0.4,0.4,0.4
03/23/2012,0.4,N/A,0.4,0.4,0.4
03/22/2012,0.4,N/A,0.4,0.4,0.4
03/21/2012,0.4,N/A,0.4,0.4,0.4
03/20/2012,0.4,N/A,0.4,0.4,0.4
03/19/2012,0.4,N/A,0.4,0.4,0.4
03/16/2012,0.4,N/A,0.4,0.4,0.4
03/15/2012,0.2,N/A,0.2,0.2,0.2
03/14/2012,0.2,N/A,0.2,0.2,0.2
03/13/2012,0.2,N/A,0.2,0.2,0.2
03/12/2012,0.2,N/A,0.2,0.2,0.2
03/09/2012,0.2,N/A,0.2,0.2,0.2
03/08/2012,0.2,N/A,0.2,0.2,0.2
03/07/2012,0.2,N/A,0.2,0.2,0.2
03/06/2012,0.2,N/A,0.2,0.2,0.2
03/05/2012,0.2,N/A,0.2,0.2,0.2
03/02/2012,0.2,N/A,0.2,0.2,0.2
03/01/2012,0.2,N/A,0.2,0.2,0.2
02/29/2012,0.2,N/A,0.2,0.2,0.2
02/28/2012,0.2,N/A,0.2,0.2,0.2
02/27/2012,0.2,N/A,0.2,0.2,0.2
02/24/2012,0.2,N/A,0.2,0.2,0.2
02/23/2012,0.2,N/A,0.2,0.2,0.2
02/22/2012,0.2,N/A,0.2,0.2,0.2
02/21/2012,0.2,N/A,0.2,0.2,0.2
02/20/2012,0.2,N/A,0.2,0.2,0.2
02/17/2012,0.2,N/A,0.2,0.2,0.2
02/16/2012,-0.1,N/A,-0.1,-0.1,-0.1
02/15/2012,-0.1,N/A,-0.1,-0.1,-0.1
02/14/2012,-0.1,N/A,-0.1,-0.1,-0.1
02/13/2012,-0.1,N/A,-0.1,-0.1,-0.1
02/10/2012,-0.1,N/A,-0.1,-0.1,-0.1
02/09/2012,-0.1,N/A,-0.1,-0.1,-0.1
02/08/2012,-0.1,N/A,-0.1,-0.1,-0.1
02/07/2012,-0.1,N/A,-0.1,-0.1,-0.1
02/06/2012,-0.1,N/A,-0.1,-0.1,-0.1
02/03/2012,-0.1,N/A,-0.1,-0.1,-0.1
02/02/2012,-0.1,N/A,-0.1,-0.1,-0.1
02/01/2012,-0.1,N/A,-0.1,-0.1,-0.1
01/31/2012,-0.1,N/A,-0.1,-0.1,-0.1
01/30/2012,-0.1,N/A,-0.1,-0.1,-0.1
01/27/2012,-0.1,N/A,-0.1,-0.1,-0.1
01/26/2012,-0.1,N/A,-0.1,-0.1,-0.1
01/25/2012,-0.1,N/A,-0.1,-0.1,-0.1
01/24/2012,-0.1,N/A,-0.1,-0.1,-0.1
01/23/2012,-0.1,N/A,-0.1,-0.1,-0.1
01/20/2012,-0.1,N/A,-0.1,-0.1,-0.1
01/19/2012,-0.1,N/A,-0.1,-0.1,-0.1
01/18/2012,-0.1,N/A,-0.1,-0.1,-0.1
01/17/2012,-0.1,N/A,-0.1,-0.1,-0.1
01/16/2012,-0.1,N/A,-0.1,-0.1,-0.1
01/13/2012,-0.1,N/A,-0.1,-0.1,-0.1
01/12/2012,-0.1,N/A,-0.1,-0.1,-0.1
01/11/2012,-0.1,N/A,-0.1,-0.1,-0.1
01/10/2012,-0.1,N/A,-0.1,-0.1,-0.1
01/09/2012,-0.1,N/A,-0.1,-0.1,-0.1
01/06/2012,-0.1,N/A,-0.1,-0.1,-0.1
